#,"Date Time, GMT-08:00","Temp, °C (LGR S/N: 20031751, SEN S/N: 20031751)",Coupler Detached (LGR S/N: 20031751),Coupler Attached (LGR S/N: 20031751),Host Connected (LGR S/N: 20031751),Stopped (LGR S/N: 20031751),End Of File (LGR S/N: 20031751)
1,12/20/2016 13:00,30.469,Logged,,,,
2,12/20/2016 13:30,26.671,,,,,
3,12/20/2016 14:00,25.55,,,,,
4,12/20/2016 14:30,24.847,,,,,
5,12/20/2016 15:00,26.353,,,,,
6,12/20/2016 15:30,24.919,,,,,
7,12/20/2016 16:00,21.294,,,,,
8,12/20/2016 16:30,20.079,,,,,
9,12/20/2016 17:00,20.722,,,,,
10,12/20/2016 17:30,21.819,,,,,
11,12/20/2016 18:00,19.96,,,,,
12,12/20/2016 18:30,18.414,,,,,
13,12/20/2016 19:00,19.318,,,,,
14,12/20/2016 19:30,18.913,,,,,
15,12/20/2016 20:00,18.438,,,,,
16,12/20/2016 20:30,18.129,,,,,
17,12/20/2016 21:00,18.152,,,,,
18,12/20/2016 21:30,17.867,,,,,
19,12/20/2016 22:00,17.534,,,,,
20,12/20/2016 22:30,17.249,,,,,
21,12/20/2016 23:00,16.987,,,,,
22,12/20/2016 23:30,16.749,,,,,
23,12/21/2016 00:00,16.534,,,,,
24,12/21/2016 00:30,16.296,,,,,
25,12/21/2016 01:00,17.153,,,,,
26,12/21/2016 01:30,16.773,,,,,
27,12/21/2016 02:00,16.439,,,,,
28,12/21/2016 02:30,16.201,,,,,
29,12/21/2016 03:00,17.249,,,,,
30,12/21/2016 03:30,17.058,,,,,
31,12/21/2016 04:00,17.368,,,,,
32,12/21/2016 04:30,16.82,,,,,
33,12/21/2016 05:00,17.225,,,,,
34,12/21/2016 05:30,16.773,,,,,
35,12/21/2016 06:00,18.176,,,,,
36,12/21/2016 06:30,17.272,,,,,
37,12/21/2016 07:00,17.796,,,,,
38,12/21/2016 07:30,17.272,,,,,
39,12/21/2016 08:00,17.629,,,,,
40,12/21/2016 08:30,17.748,,,,,
41,12/21/2016 09:00,19.008,,,,,
42,12/21/2016 09:30,18.39,,,,,
43,12/21/2016 10:00,18.176,,,,,
44,12/21/2016 10:30,18.771,,,,,
45,12/21/2016 11:00,18.913,,,,,
46,12/21/2016 11:30,19.222,,,,,
47,12/21/2016 12:00,19.936,,,,,
48,12/21/2016 12:30,20.15,,,,,
49,12/21/2016 13:00,18.105,,,,,
50,12/21/2016 13:30,11.394,,,,,
51,12/21/2016 14:00,11.443,,,,,
52,12/21/2016 14:30,11.516,,,,,
53,12/21/2016 15:00,11.589,,,,,
54,12/21/2016 15:30,11.613,,,,,
55,12/21/2016 16:00,11.662,,,,,
56,12/21/2016 16:30,11.686,,,,,
57,12/21/2016 17:00,11.662,,,,,
58,12/21/2016 17:30,11.637,,,,,
59,12/21/2016 18:00,11.54,,,,,
60,12/21/2016 18:30,11.443,,,,,
61,12/21/2016 19:00,11.346,,,,,
62,12/21/2016 19:30,11.248,,,,,
63,12/21/2016 20:00,11.175,,,,,
64,12/21/2016 20:30,11.102,,,,,
65,12/21/2016 21:00,11.029,,,,,
66,12/21/2016 21:30,10.956,,,,,
67,12/21/2016 22:00,10.907,,,,,
68,12/21/2016 22:30,10.858,,,,,
69,12/21/2016 23:00,10.834,,,,,
70,12/21/2016 23:30,10.81,,,,,
71,12/22/2016 00:00,10.785,,,,,
72,12/22/2016 00:30,10.785,,,,,
73,12/22/2016 01:00,10.81,,,,,
74,12/22/2016 01:30,10.834,,,,,
75,12/22/2016 02:00,10.858,,,,,
76,12/22/2016 02:30,10.883,,,,,
77,12/22/2016 03:00,10.907,,,,,
78,12/22/2016 03:30,10.907,,,,,
79,12/22/2016 04:00,10.907,,,,,
80,12/22/2016 04:30,10.932,,,,,
81,12/22/2016 05:00,10.932,,,,,
82,12/22/2016 05:30,10.932,,,,,
83,12/22/2016 06:00,10.932,,,,,
84,12/22/2016 06:30,10.956,,,,,
85,12/22/2016 07:00,10.956,,,,,
86,12/22/2016 07:30,10.956,,,,,
87,12/22/2016 08:00,10.932,,,,,
88,12/22/2016 08:30,10.907,,,,,
89,12/22/2016 09:00,10.907,,,,,
90,12/22/2016 09:30,10.956,,,,,
91,12/22/2016 10:00,11.029,,,,,
92,12/22/2016 10:30,11.102,,,,,
93,12/22/2016 11:00,11.151,,,,,
94,12/22/2016 11:30,11.224,,,,,
95,12/22/2016 12:00,11.297,,,,,
96,12/22/2016 12:30,11.37,,,,,
97,12/22/2016 13:00,11.419,,,,,
98,12/22/2016 13:30,11.492,,,,,
99,12/22/2016 14:00,11.54,,,,,
100,12/22/2016 14:30,11.589,,,,,
101,12/22/2016 15:00,11.637,,,,,
102,12/22/2016 15:30,11.662,,,,,
103,12/22/2016 16:00,11.662,,,,,
104,12/22/2016 16:30,11.613,,,,,
105,12/22/2016 17:00,11.589,,,,,
106,12/22/2016 17:30,11.589,,,,,
107,12/22/2016 18:00,11.589,,,,,
108,12/22/2016 18:30,11.565,,,,,
109,12/22/2016 19:00,11.492,,,,,
110,12/22/2016 19:30,11.394,,,,,
111,12/22/2016 20:00,11.273,,,,,
112,12/22/2016 20:30,11.2,,,,,
113,12/22/2016 21:00,11.127,,,,,
114,12/22/2016 21:30,11.078,,,,,
115,12/22/2016 22:00,11.005,,,,,
116,12/22/2016 22:30,10.956,,,,,
117,12/22/2016 23:00,10.907,,,,,
118,12/22/2016 23:30,10.883,,,,,
119,12/23/2016 00:00,10.858,,,,,
120,12/23/2016 00:30,10.834,,,,,
121,12/23/2016 01:00,10.834,,,,,
122,12/23/2016 01:30,10.81,,,,,
123,12/23/2016 02:00,10.834,,,,,
124,12/23/2016 02:30,10.858,,,,,
125,12/23/2016 03:00,10.883,,,,,
126,12/23/2016 03:30,10.907,,,,,
127,12/23/2016 04:00,10.907,,,,,
128,12/23/2016 04:30,10.932,,,,,
129,12/23/2016 05:00,10.932,,,,,
130,12/23/2016 05:30,10.932,,,,,
131,12/23/2016 06:00,10.956,,,,,
132,12/23/2016 06:30,10.956,,,,,
133,12/23/2016 07:00,10.956,,,,,
134,12/23/2016 07:30,10.956,,,,,
135,12/23/2016 08:00,10.956,,,,,
136,12/23/2016 08:30,10.956,,,,,
137,12/23/2016 09:00,10.956,,,,,
138,12/23/2016 09:30,10.956,,,,,
139,12/23/2016 10:00,10.98,,,,,
140,12/23/2016 10:30,11.005,,,,,
141,12/23/2016 11:00,11.053,,,,,
142,12/23/2016 11:30,11.102,,,,,
143,12/23/2016 12:00,11.151,,,,,
144,12/23/2016 12:30,11.2,,,,,
145,12/23/2016 13:00,11.248,,,,,
146,12/23/2016 13:30,11.297,,,,,
147,12/23/2016 14:00,11.37,,,,,
148,12/23/2016 14:30,11.443,,,,,
149,12/23/2016 15:00,11.492,,,,,
150,12/23/2016 15:30,11.516,,,,,
151,12/23/2016 16:00,11.54,,,,,
152,12/23/2016 16:30,11.565,,,,,
153,12/23/2016 17:00,11.54,,,,,
154,12/23/2016 17:30,11.54,,,,,
155,12/23/2016 18:00,11.492,,,,,
156,12/23/2016 18:30,11.467,,,,,
157,12/23/2016 19:00,11.419,,,,,
158,12/23/2016 19:30,11.346,,,,,
159,12/23/2016 20:00,11.248,,,,,
160,12/23/2016 20:30,11.175,,,,,
161,12/23/2016 21:00,11.102,,,,,
162,12/23/2016 21:30,11.029,,,,,
163,12/23/2016 22:00,10.956,,,,,
164,12/23/2016 22:30,10.907,,,,,
165,12/23/2016 23:00,10.858,,,,,
166,12/23/2016 23:30,10.81,,,,,
167,12/24/2016 00:00,10.785,,,,,
168,12/24/2016 00:30,10.761,,,,,
169,12/24/2016 01:00,10.761,,,,,
170,12/24/2016 01:30,10.81,,,,,
171,12/24/2016 02:00,10.81,,,,,
172,12/24/2016 02:30,10.834,,,,,
173,12/24/2016 03:00,10.858,,,,,
174,12/24/2016 03:30,10.883,,,,,
175,12/24/2016 04:00,10.883,,,,,
176,12/24/2016 04:30,10.932,,,,,
177,12/24/2016 05:00,10.956,,,,,
178,12/24/2016 05:30,10.98,,,,,
179,12/24/2016 06:00,10.956,,,,,
180,12/24/2016 06:30,10.98,,,,,
181,12/24/2016 07:00,10.98,,,,,
182,12/24/2016 07:30,10.98,,,,,
183,12/24/2016 08:00,11.005,,,,,
184,12/24/2016 08:30,11.005,,,,,
185,12/24/2016 09:00,11.005,,,,,
186,12/24/2016 09:30,11.005,,,,,
187,12/24/2016 10:00,11.005,,,,,
188,12/24/2016 10:30,11.029,,,,,
189,12/24/2016 11:00,11.078,,,,,
190,12/24/2016 11:30,11.078,,,,,
191,12/24/2016 12:00,11.102,,,,,
192,12/24/2016 12:30,11.102,,,,,
193,12/24/2016 13:00,11.127,,,,,
194,12/24/2016 13:30,11.127,,,,,
195,12/24/2016 14:00,11.151,,,,,
196,12/24/2016 14:30,11.175,,,,,
197,12/24/2016 15:00,11.2,,,,,
198,12/24/2016 15:30,11.175,,,,,
199,12/24/2016 16:00,11.175,,,,,
200,12/24/2016 16:30,11.175,,,,,
201,12/24/2016 17:00,11.151,,,,,
202,12/24/2016 17:30,11.151,,,,,
203,12/24/2016 18:00,11.151,,,,,
204,12/24/2016 18:30,11.151,,,,,
205,12/24/2016 19:00,11.102,,,,,
206,12/24/2016 19:30,11.053,,,,,
207,12/24/2016 20:00,11.029,,,,,
208,12/24/2016 20:30,10.956,,,,,
209,12/24/2016 21:00,10.883,,,,,
210,12/24/2016 21:30,10.81,,,,,
211,12/24/2016 22:00,10.736,,,,,
212,12/24/2016 22:30,10.712,,,,,
213,12/24/2016 23:00,10.663,,,,,
214,12/24/2016 23:30,10.614,,,,,
215,12/25/2016 00:00,10.59,,,,,
216,12/25/2016 00:30,10.565,,,,,
217,12/25/2016 01:00,10.516,,,,,
218,12/25/2016 01:30,10.541,,,,,
219,12/25/2016 02:00,10.565,,,,,
220,12/25/2016 02:30,10.614,,,,,
221,12/25/2016 03:00,10.687,,,,,
222,12/25/2016 03:30,10.761,,,,,
223,12/25/2016 04:00,10.81,,,,,
224,12/25/2016 04:30,10.858,,,,,
225,12/25/2016 05:00,10.883,,,,,
226,12/25/2016 05:30,10.907,,,,,
227,12/25/2016 06:00,10.932,,,,,
228,12/25/2016 06:30,10.956,,,,,
229,12/25/2016 07:00,10.956,,,,,
230,12/25/2016 07:30,10.98,,,,,
231,12/25/2016 08:00,10.98,,,,,
232,12/25/2016 08:30,10.98,,,,,
233,12/25/2016 09:00,11.005,,,,,
234,12/25/2016 09:30,11.005,,,,,
235,12/25/2016 10:00,11.005,,,,,
236,12/25/2016 10:30,11.005,,,,,
237,12/25/2016 11:00,11.005,,,,,
238,12/25/2016 11:30,11.029,,,,,
239,12/25/2016 12:00,11.053,,,,,
240,12/25/2016 12:30,11.053,,,,,
241,12/25/2016 13:00,11.053,,,,,
242,12/25/2016 13:30,11.078,,,,,
243,12/25/2016 14:00,11.102,,,,,
244,12/25/2016 14:30,11.127,,,,,
245,12/25/2016 15:00,11.127,,,,,
246,12/25/2016 15:30,11.127,,,,,
247,12/25/2016 16:00,11.102,,,,,
248,12/25/2016 16:30,11.102,,,,,
249,12/25/2016 17:00,11.078,,,,,
250,12/25/2016 17:30,11.078,,,,,
251,12/25/2016 18:00,11.078,,,,,
252,12/25/2016 18:30,11.053,,,,,
253,12/25/2016 19:00,11.029,,,,,
254,12/25/2016 19:30,11.005,,,,,
255,12/25/2016 20:00,10.98,,,,,
256,12/25/2016 20:30,10.956,,,,,
257,12/25/2016 21:00,10.883,,,,,
258,12/25/2016 21:30,10.81,,,,,
259,12/25/2016 22:00,10.736,,,,,
260,12/25/2016 22:30,10.687,,,,,
261,12/25/2016 23:00,10.614,,,,,
262,12/25/2016 23:30,10.565,,,,,
263,12/26/2016 00:00,10.516,,,,,
264,12/26/2016 00:30,10.492,,,,,
265,12/26/2016 01:00,10.467,,,,,
266,12/26/2016 01:30,10.467,,,,,
267,12/26/2016 02:00,10.492,,,,,
268,12/26/2016 02:30,10.516,,,,,
269,12/26/2016 03:00,10.541,,,,,
270,12/26/2016 03:30,10.565,,,,,
271,12/26/2016 04:00,10.59,,,,,
272,12/26/2016 04:30,10.614,,,,,
273,12/26/2016 05:00,10.638,,,,,
274,12/26/2016 05:30,10.663,,,,,
275,12/26/2016 06:00,10.712,,,,,
276,12/26/2016 06:30,10.736,,,,,
277,12/26/2016 07:00,10.761,,,,,
278,12/26/2016 07:30,10.785,,,,,
279,12/26/2016 08:00,10.785,,,,,
280,12/26/2016 08:30,10.81,,,,,
281,12/26/2016 09:00,10.81,,,,,
282,12/26/2016 09:30,10.834,,,,,
283,12/26/2016 10:00,10.883,,,,,
284,12/26/2016 10:30,10.932,,,,,
285,12/26/2016 11:00,10.98,,,,,
286,12/26/2016 11:30,11.053,,,,,
287,12/26/2016 12:00,11.151,,,,,
288,12/26/2016 12:30,11.248,,,,,
289,12/26/2016 13:00,11.321,,,,,
290,12/26/2016 13:30,11.394,,,,,
291,12/26/2016 14:00,11.443,,,,,
292,12/26/2016 14:30,11.492,,,,,
293,12/26/2016 15:00,11.565,,,,,
294,12/26/2016 15:30,11.613,,,,,
295,12/26/2016 16:00,11.686,,,,,
296,12/26/2016 16:30,11.759,,,,,
297,12/26/2016 17:00,11.783,,,,,
298,12/26/2016 17:30,11.759,,,,,
299,12/26/2016 18:00,11.734,,,,,
300,12/26/2016 18:30,11.71,,,,,
301,12/26/2016 19:00,11.662,,,,,
302,12/26/2016 19:30,11.613,,,,,
303,12/26/2016 20:00,11.589,,,,,
304,12/26/2016 20:30,11.54,,,,,
305,12/26/2016 21:00,11.492,,,,,
306,12/26/2016 21:30,11.443,,,,,
307,12/26/2016 22:00,11.37,,,,,
308,12/26/2016 22:30,11.297,,,,,
309,12/26/2016 23:00,11.2,,,,,
310,12/26/2016 23:30,11.102,,,,,
311,12/27/2016 00:00,11.053,,,,,
312,12/27/2016 00:30,11.005,,,,,
313,12/27/2016 01:00,10.956,,,,,
314,12/27/2016 01:30,10.932,,,,,
315,12/27/2016 02:00,10.907,,,,,
316,12/27/2016 02:30,10.907,,,,,
317,12/27/2016 03:00,10.932,,,,,
318,12/27/2016 03:30,10.956,,,,,
319,12/27/2016 04:00,10.98,,,,,
320,12/27/2016 04:30,11.053,,,,,
321,12/27/2016 05:00,11.078,,,,,
322,12/27/2016 05:30,11.102,,,,,
323,12/27/2016 06:00,11.127,,,,,
324,12/27/2016 06:30,11.151,,,,,
325,12/27/2016 07:00,11.127,,,,,
326,12/27/2016 07:30,11.127,,,,,
327,12/27/2016 08:00,11.127,,,,,
328,12/27/2016 08:30,11.127,,,,,
329,12/27/2016 09:00,11.127,,,,,
330,12/27/2016 09:30,11.127,,,,,
331,12/27/2016 10:00,11.127,,,,,
332,12/27/2016 10:30,11.151,,,,,
333,12/27/2016 11:00,11.151,,,,,
334,12/27/2016 11:30,11.175,,,,,
335,12/27/2016 12:00,11.2,,,,,
336,12/27/2016 12:30,11.2,,,,,
337,12/27/2016 13:00,10.712,,,,,
338,12/27/2016 13:30,10.663,,,,,
339,12/27/2016 14:00,10.761,,,,,
340,12/27/2016 14:30,10.81,,,,,
341,12/27/2016 15:00,10.834,,,,,
342,12/27/2016 15:30,10.883,,,,,
343,12/27/2016 16:00,10.932,,,,,
344,12/27/2016 16:30,10.956,,,,,
345,12/27/2016 17:00,11.005,,,,,
346,12/27/2016 17:30,11.005,,,,,
347,12/27/2016 18:00,11.005,,,,,
348,12/27/2016 18:30,11.005,,,,,
349,12/27/2016 19:00,11.005,,,,,
350,12/27/2016 19:30,11.005,,,,,
351,12/27/2016 20:00,11.005,,,,,
352,12/27/2016 20:30,11.005,,,,,
353,12/27/2016 21:00,11.005,,,,,
354,12/27/2016 21:30,11.005,,,,,
355,12/27/2016 22:00,10.956,,,,,
356,12/27/2016 22:30,10.932,,,,,
357,12/27/2016 23:00,10.858,,,,,
358,12/27/2016 23:30,10.81,,,,,
359,12/28/2016 00:00,10.785,,,,,
360,12/28/2016 00:30,10.761,,,,,
361,12/28/2016 01:00,10.712,,,,,
362,12/28/2016 01:30,10.687,,,,,
363,12/28/2016 02:00,10.663,,,,,
364,12/28/2016 02:30,10.712,,,,,
365,12/28/2016 03:00,10.712,,,,,
366,12/28/2016 03:30,10.736,,,,,
367,12/28/2016 04:00,10.761,,,,,
368,12/28/2016 04:30,10.785,,,,,
369,12/28/2016 05:00,10.81,,,,,
370,12/28/2016 05:30,10.81,,,,,
371,12/28/2016 06:00,10.834,,,,,
372,12/28/2016 06:30,10.883,,,,,
373,12/28/2016 07:00,10.883,,,,,
374,12/28/2016 07:30,10.907,,,,,
375,12/28/2016 08:00,10.907,,,,,
376,12/28/2016 08:30,10.932,,,,,
377,12/28/2016 09:00,10.956,,,,,
378,12/28/2016 09:30,10.956,,,,,
379,12/28/2016 10:00,11.005,,,,,
380,12/28/2016 10:30,11.029,,,,,
381,12/28/2016 11:00,11.078,,,,,
382,12/28/2016 11:30,11.151,,,,,
383,12/28/2016 12:00,11.2,,,,,
384,12/28/2016 12:30,11.248,,,,,
385,12/28/2016 13:00,11.297,,,,,
386,12/28/2016 13:30,11.346,,,,,
387,12/28/2016 14:00,11.394,,,,,
388,12/28/2016 14:30,11.443,,,,,
389,12/28/2016 15:00,11.467,,,,,
390,12/28/2016 15:30,11.443,,,,,
391,12/28/2016 16:00,11.443,,,,,
392,12/28/2016 16:30,11.419,,,,,
393,12/28/2016 17:00,11.394,,,,,
394,12/28/2016 17:30,11.394,,,,,
395,12/28/2016 18:00,11.346,,,,,
396,12/28/2016 18:30,11.321,,,,,
397,12/28/2016 19:00,11.297,,,,,
398,12/28/2016 19:30,11.273,,,,,
399,12/28/2016 20:00,11.2,,,,,
400,12/28/2016 20:30,11.175,,,,,
401,12/28/2016 21:00,11.151,,,,,
402,12/28/2016 21:30,11.127,,,,,
403,12/28/2016 22:00,11.102,,,,,
404,12/28/2016 22:30,11.078,,,,,
405,12/28/2016 23:00,11.078,,,,,
406,12/28/2016 23:30,11.053,,,,,
407,12/29/2016 00:00,11.005,,,,,
408,12/29/2016 00:30,10.956,,,,,
409,12/29/2016 01:00,10.907,,,,,
410,12/29/2016 01:30,10.834,,,,,
411,12/29/2016 02:00,10.81,,,,,
412,12/29/2016 02:30,10.761,,,,,
413,12/29/2016 03:00,10.736,,,,,
414,12/29/2016 03:30,10.761,,,,,
415,12/29/2016 04:00,10.761,,,,,
416,12/29/2016 04:30,10.785,,,,,
417,12/29/2016 05:00,10.81,,,,,
418,12/29/2016 05:30,10.834,,,,,
419,12/29/2016 06:00,10.858,,,,,
420,12/29/2016 06:30,10.858,,,,,
421,12/29/2016 07:00,10.883,,,,,
422,12/29/2016 07:30,10.883,,,,,
423,12/29/2016 08:00,10.883,,,,,
424,12/29/2016 08:30,10.907,,,,,
425,12/29/2016 09:00,10.907,,,,,
426,12/29/2016 09:30,10.907,,,,,
427,12/29/2016 10:00,10.932,,,,,
428,12/29/2016 10:30,10.932,,,,,
429,12/29/2016 11:00,10.932,,,,,
430,12/29/2016 11:30,10.907,,,,,
431,12/29/2016 12:00,10.883,,,,,
432,12/29/2016 12:30,10.858,,,,,
433,12/29/2016 13:00,10.858,,,,,
434,12/29/2016 13:30,10.858,,,,,
435,12/29/2016 14:00,10.858,,,,,
436,12/29/2016 14:30,10.858,,,,,
437,12/29/2016 15:00,10.858,,,,,
438,12/29/2016 15:30,10.883,,,,,
439,12/29/2016 16:00,10.907,,,,,
440,12/29/2016 16:30,10.907,,,,,
441,12/29/2016 17:00,10.883,,,,,
442,12/29/2016 17:30,10.907,,,,,
443,12/29/2016 18:00,10.907,,,,,
444,12/29/2016 18:30,10.932,,,,,
445,12/29/2016 19:00,10.932,,,,,
446,12/29/2016 19:30,10.932,,,,,
447,12/29/2016 20:00,10.932,,,,,
448,12/29/2016 20:30,10.932,,,,,
449,12/29/2016 21:00,10.956,,,,,
450,12/29/2016 21:30,10.932,,,,,
451,12/29/2016 22:00,10.932,,,,,
452,12/29/2016 22:30,10.907,,,,,
453,12/29/2016 23:00,10.907,,,,,
454,12/29/2016 23:30,10.883,,,,,
455,12/30/2016 00:00,10.858,,,,,
456,12/30/2016 00:30,10.834,,,,,
457,12/30/2016 01:00,10.81,,,,,
458,12/30/2016 01:30,10.785,,,,,
459,12/30/2016 02:00,10.761,,,,,
460,12/30/2016 02:30,10.736,,,,,
461,12/30/2016 03:00,10.712,,,,,
462,12/30/2016 03:30,10.687,,,,,
463,12/30/2016 04:00,10.712,,,,,
464,12/30/2016 04:30,10.712,,,,,
465,12/30/2016 05:00,10.736,,,,,
466,12/30/2016 05:30,10.736,,,,,
467,12/30/2016 06:00,10.736,,,,,
468,12/30/2016 06:30,10.761,,,,,
469,12/30/2016 07:00,10.761,,,,,
470,12/30/2016 07:30,10.785,,,,,
471,12/30/2016 08:00,10.785,,,,,
472,12/30/2016 08:30,10.785,,,,,
473,12/30/2016 09:00,10.81,,,,,
474,12/30/2016 09:30,10.81,,,,,
475,12/30/2016 10:00,10.81,,,,,
476,12/30/2016 10:30,10.834,,,,,
477,12/30/2016 11:00,10.883,,,,,
478,12/30/2016 11:30,10.932,,,,,
479,12/30/2016 12:00,10.98,,,,,
480,12/30/2016 12:30,11.029,,,,,
481,12/30/2016 13:00,11.102,,,,,
482,12/30/2016 13:30,11.175,,,,,
483,12/30/2016 14:00,11.224,,,,,
484,12/30/2016 14:30,11.297,,,,,
485,12/30/2016 15:00,11.321,,,,,
486,12/30/2016 15:30,11.321,,,,,
487,12/30/2016 16:00,11.297,,,,,
488,12/30/2016 16:30,11.273,,,,,
489,12/30/2016 17:00,11.224,,,,,
490,12/30/2016 17:30,11.2,,,,,
491,12/30/2016 18:00,11.151,,,,,
492,12/30/2016 18:30,11.102,,,,,
493,12/30/2016 19:00,11.053,,,,,
494,12/30/2016 19:30,11.029,,,,,
495,12/30/2016 20:00,10.98,,,,,
496,12/30/2016 20:30,10.956,,,,,
497,12/30/2016 21:00,10.907,,,,,
498,12/30/2016 21:30,10.858,,,,,
499,12/30/2016 22:00,10.81,,,,,
500,12/30/2016 22:30,10.81,,,,,
501,12/30/2016 23:00,10.761,,,,,
502,12/30/2016 23:30,10.712,,,,,
503,12/31/2016 00:00,10.687,,,,,
504,12/31/2016 00:30,10.638,,,,,
505,12/31/2016 01:00,10.59,,,,,
506,12/31/2016 01:30,10.565,,,,,
507,12/31/2016 02:00,10.541,,,,,
508,12/31/2016 02:30,10.516,,,,,
509,12/31/2016 03:00,10.492,,,,,
510,12/31/2016 03:30,10.492,,,,,
511,12/31/2016 04:00,10.467,,,,,
512,12/31/2016 04:30,10.467,,,,,
513,12/31/2016 05:00,10.467,,,,,
514,12/31/2016 05:30,10.492,,,,,
515,12/31/2016 06:00,10.516,,,,,
516,12/31/2016 06:30,10.516,,,,,
517,12/31/2016 07:00,10.541,,,,,
518,12/31/2016 07:30,10.565,,,,,
519,12/31/2016 08:00,10.565,,,,,
520,12/31/2016 08:30,10.59,,,,,
521,12/31/2016 09:00,10.614,,,,,
522,12/31/2016 09:30,10.614,,,,,
523,12/31/2016 10:00,10.638,,,,,
524,12/31/2016 10:30,10.663,,,,,
525,12/31/2016 11:00,10.663,,,,,
526,12/31/2016 11:30,10.687,,,,,
527,12/31/2016 12:00,10.712,,,,,
528,12/31/2016 12:30,10.712,,,,,
529,12/31/2016 13:00,10.712,,,,,
530,12/31/2016 13:30,10.712,,,,,
531,12/31/2016 14:00,10.687,,,,,
532,12/31/2016 14:30,10.687,,,,,
533,12/31/2016 15:00,10.663,,,,,
534,12/31/2016 15:30,10.663,,,,,
535,12/31/2016 16:00,10.638,,,,,
536,12/31/2016 16:30,10.638,,,,,
537,12/31/2016 17:00,10.614,,,,,
538,12/31/2016 17:30,10.614,,,,,
539,12/31/2016 18:00,10.614,,,,,
540,12/31/2016 18:30,10.614,,,,,
541,12/31/2016 19:00,10.59,,,,,
542,12/31/2016 19:30,10.614,,,,,
543,12/31/2016 20:00,10.614,,,,,
544,12/31/2016 20:30,10.614,,,,,
545,12/31/2016 21:00,10.614,,,,,
546,12/31/2016 21:30,10.614,,,,,
547,12/31/2016 22:00,10.614,,,,,
548,12/31/2016 22:30,10.614,,,,,
549,12/31/2016 23:00,10.614,,,,,
550,12/31/2016 23:30,10.59,,,,,
551,01/01/2017 00:00,10.59,,,,,
552,01/01/2017 00:30,10.541,,,,,
553,01/01/2017 01:00,10.492,,,,,
554,01/01/2017 01:30,10.467,,,,,
555,01/01/2017 02:00,10.418,,,,,
556,01/01/2017 02:30,10.369,,,,,
557,01/01/2017 03:00,10.369,,,,,
558,01/01/2017 03:30,10.345,,,,,
559,01/01/2017 04:00,10.296,,,,,
560,01/01/2017 04:30,10.271,,,,,
561,01/01/2017 05:00,10.271,,,,,
562,01/01/2017 05:30,10.296,,,,,
563,01/01/2017 06:00,10.32,,,,,
564,01/01/2017 06:30,10.345,,,,,
565,01/01/2017 07:00,10.345,,,,,
566,01/01/2017 07:30,10.369,,,,,
567,01/01/2017 08:00,10.418,,,,,
568,01/01/2017 08:30,10.394,,,,,
569,01/01/2017 09:00,10.418,,,,,
570,01/01/2017 09:30,10.443,,,,,
571,01/01/2017 10:00,10.443,,,,,
572,01/01/2017 10:30,10.443,,,,,
573,01/01/2017 11:00,10.443,,,,,
574,01/01/2017 11:30,10.467,,,,,
575,01/01/2017 12:00,10.492,,,,,
576,01/01/2017 12:30,10.492,,,,,
577,01/01/2017 13:00,10.492,,,,,
578,01/01/2017 13:30,10.467,,,,,
579,01/01/2017 14:00,10.492,,,,,
580,01/01/2017 14:30,10.467,,,,,
581,01/01/2017 15:00,10.443,,,,,
582,01/01/2017 15:30,10.443,,,,,
583,01/01/2017 16:00,10.418,,,,,
584,01/01/2017 16:30,10.394,,,,,
585,01/01/2017 17:00,10.369,,,,,
586,01/01/2017 17:30,10.32,,,,,
587,01/01/2017 18:00,10.32,,,,,
588,01/01/2017 18:30,10.32,,,,,
589,01/01/2017 19:00,10.296,,,,,
590,01/01/2017 19:30,10.271,,,,,
591,01/01/2017 20:00,10.271,,,,,
592,01/01/2017 20:30,10.247,,,,,
593,01/01/2017 21:00,10.247,,,,,
594,01/01/2017 21:30,10.247,,,,,
595,01/01/2017 22:00,10.247,,,,,
596,01/01/2017 22:30,10.222,,,,,
597,01/01/2017 23:00,10.222,,,,,
598,01/01/2017 23:30,10.222,,,,,
599,01/02/2017 00:00,10.198,,,,,
600,01/02/2017 00:30,10.149,,,,,
601,01/02/2017 01:00,10.149,,,,,
602,01/02/2017 01:30,10.124,,,,,
603,01/02/2017 02:00,10.1,,,,,
604,01/02/2017 02:30,10.075,,,,,
605,01/02/2017 03:00,10.051,,,,,
606,01/02/2017 03:30,10.026,,,,,
607,01/02/2017 04:00,10.026,,,,,
608,01/02/2017 04:30,10.001,,,,,
609,01/02/2017 05:00,9.977,,,,,
610,01/02/2017 05:30,10.001,,,,,
611,01/02/2017 06:00,10.026,,,,,
612,01/02/2017 06:30,10.026,,,,,
613,01/02/2017 07:00,10.051,,,,,
614,01/02/2017 07:30,10.075,,,,,
615,01/02/2017 08:00,10.1,,,,,
616,01/02/2017 08:30,10.1,,,,,
617,01/02/2017 09:00,10.124,,,,,
618,01/02/2017 09:30,10.124,,,,,
619,01/02/2017 10:00,10.149,,,,,
620,01/02/2017 10:30,10.222,,,,,
621,01/02/2017 11:00,10.247,,,,,
622,01/02/2017 11:30,10.271,,,,,
623,01/02/2017 12:00,10.32,,,,,
624,01/02/2017 12:30,10.345,,,,,
625,01/02/2017 13:00,10.418,,,,,
626,01/02/2017 13:30,10.467,,,,,
627,01/02/2017 14:00,10.541,,,,,
628,01/02/2017 14:30,10.59,,,,,
629,01/02/2017 15:00,10.638,,,,,
630,01/02/2017 15:30,10.663,,,,,
631,01/02/2017 16:00,10.663,,,,,
632,01/02/2017 16:30,10.663,,,,,
633,01/02/2017 17:00,10.614,,,,,
634,01/02/2017 17:30,10.565,,,,,
635,01/02/2017 18:00,10.516,,,,,
636,01/02/2017 18:30,10.467,,,,,
637,01/02/2017 19:00,10.418,,,,,
638,01/02/2017 19:30,10.369,,,,,
639,01/02/2017 20:00,10.32,,,,,
640,01/02/2017 20:30,10.296,,,,,
641,01/02/2017 21:00,10.271,,,,,
642,01/02/2017 21:30,10.222,,,,,
643,01/02/2017 22:00,10.173,,,,,
644,01/02/2017 22:30,10.173,,,,,
645,01/02/2017 23:00,10.149,,,,,
646,01/02/2017 23:30,10.124,,,,,
647,01/03/2017 00:00,10.075,,,,,
648,01/03/2017 00:30,10.051,,,,,
649,01/03/2017 01:00,10.026,,,,,
650,01/03/2017 01:30,10.001,,,,,
651,01/03/2017 02:00,9.977,,,,,
652,01/03/2017 02:30,9.952,,,,,
653,01/03/2017 03:00,9.952,,,,,
654,01/03/2017 03:30,9.928,,,,,
655,01/03/2017 04:00,9.903,,,,,
656,01/03/2017 04:30,9.903,,,,,
657,01/03/2017 05:00,9.879,,,,,
658,01/03/2017 05:30,9.854,,,,,
659,01/03/2017 06:00,9.879,,,,,
660,01/03/2017 06:30,9.879,,,,,
661,01/03/2017 07:00,9.903,,,,,
662,01/03/2017 07:30,9.928,,,,,
663,01/03/2017 08:00,9.977,,,,,
664,01/03/2017 08:30,9.977,,,,,
665,01/03/2017 09:00,10.001,,,,,
666,01/03/2017 09:30,10.026,,,,,
667,01/03/2017 10:00,10.051,,,,,
668,01/03/2017 10:30,10.124,,,,,
669,01/03/2017 11:00,10.173,,,,,
670,01/03/2017 11:30,10.222,,,,,
671,01/03/2017 12:00,10.247,,,,,
672,01/03/2017 12:30,10.296,,,,,
673,01/03/2017 13:00,10.32,,,,,
674,01/03/2017 13:30,10.32,,,,,
675,01/03/2017 14:00,10.345,,,,,
676,01/03/2017 14:30,10.32,,,,,
677,01/03/2017 15:00,10.32,,,,,
678,01/03/2017 15:30,10.296,,,,,
679,01/03/2017 16:00,10.271,,,,,
680,01/03/2017 16:30,10.222,,,,,
681,01/03/2017 17:00,10.149,,,,,
682,01/03/2017 17:30,10.124,,,,,
683,01/03/2017 18:00,10.075,,,,,
684,01/03/2017 18:30,10.026,,,,,
685,01/03/2017 19:00,9.977,,,,,
686,01/03/2017 19:30,9.952,,,,,
687,01/03/2017 20:00,9.928,,,,,
688,01/03/2017 20:30,9.903,,,,,
689,01/03/2017 21:00,9.879,,,,,
690,01/03/2017 21:30,9.854,,,,,
691,01/03/2017 22:00,9.829,,,,,
692,01/03/2017 22:30,9.805,,,,,
693,01/03/2017 23:00,9.805,,,,,
694,01/03/2017 23:30,9.805,,,,,
695,01/04/2017 00:00,9.78,,,,,
696,01/04/2017 00:30,9.756,,,,,
697,01/04/2017 01:00,9.731,,,,,
698,01/04/2017 01:30,9.706,,,,,
699,01/04/2017 02:00,9.632,,,,,
700,01/04/2017 02:30,9.608,,,,,
701,01/04/2017 03:00,9.608,,,,,
702,01/04/2017 03:30,9.608,,,,,
703,01/04/2017 04:00,9.583,,,,,
704,01/04/2017 04:30,9.583,,,,,
705,01/04/2017 05:00,9.558,,,,,
706,01/04/2017 05:30,9.558,,,,,
707,01/04/2017 06:00,9.558,,,,,
708,01/04/2017 06:30,9.558,,,,,
709,01/04/2017 07:00,9.608,,,,,
710,01/04/2017 07:30,9.632,,,,,
711,01/04/2017 08:00,9.657,,,,,
712,01/04/2017 08:30,9.706,,,,,
713,01/04/2017 09:00,9.756,,,,,
714,01/04/2017 09:30,9.805,,,,,
715,01/04/2017 10:00,9.829,,,,,
716,01/04/2017 10:30,9.854,,,,,
717,01/04/2017 11:00,9.903,,,,,
718,01/04/2017 11:30,9.928,,,,,
719,01/04/2017 12:00,9.952,,,,,
720,01/04/2017 12:30,10.026,,,,,
721,01/04/2017 13:00,10.075,,,,,
722,01/04/2017 13:30,10.124,,,,,
723,01/04/2017 14:00,10.173,,,,,
724,01/04/2017 14:30,10.198,,,,,
725,01/04/2017 15:00,10.222,,,,,
726,01/04/2017 15:30,10.247,,,,,
727,01/04/2017 16:00,10.247,,,,,
728,01/04/2017 16:30,10.247,,,,,
729,01/04/2017 17:00,10.222,,,,,
730,01/04/2017 17:30,10.173,,,,,
731,01/04/2017 18:00,10.149,,,,,
732,01/04/2017 18:30,10.149,,,,,
733,01/04/2017 19:00,10.124,,,,,
734,01/04/2017 19:30,10.075,,,,,
735,01/04/2017 20:00,10.075,,,,,
736,01/04/2017 20:30,10.075,,,,,
737,01/04/2017 21:00,10.026,,,,,
738,01/04/2017 21:30,10.026,,,,,
739,01/04/2017 22:00,10.026,,,,,
740,01/04/2017 22:30,10.026,,,,,
741,01/04/2017 23:00,10.001,,,,,
742,01/04/2017 23:30,10.001,,,,,
743,01/05/2017 00:00,9.977,,,,,
744,01/05/2017 00:30,9.952,,,,,
745,01/05/2017 01:00,9.952,,,,,
746,01/05/2017 01:30,9.928,,,,,
747,01/05/2017 02:00,9.903,,,,,
748,01/05/2017 02:30,9.879,,,,,
749,01/05/2017 03:00,9.854,,,,,
750,01/05/2017 03:30,9.829,,,,,
751,01/05/2017 04:00,9.829,,,,,
752,01/05/2017 04:30,9.829,,,,,
753,01/05/2017 05:00,9.829,,,,,
754,01/05/2017 05:30,9.805,,,,,
755,01/05/2017 06:00,9.78,,,,,
756,01/05/2017 06:30,9.78,,,,,
757,01/05/2017 07:00,9.805,,,,,
758,01/05/2017 07:30,9.829,,,,,
759,01/05/2017 08:00,9.879,,,,,
760,01/05/2017 08:30,9.903,,,,,
761,01/05/2017 09:00,9.952,,,,,
762,01/05/2017 09:30,10.001,,,,,
763,01/05/2017 10:00,10.051,,,,,
764,01/05/2017 10:30,10.124,,,,,
765,01/05/2017 11:00,10.222,,,,,
766,01/05/2017 11:30,10.296,,,,,
767,01/05/2017 12:00,10.369,,,,,
768,01/05/2017 12:30,10.443,,,,,
769,01/05/2017 13:00,10.467,,,,,
770,01/05/2017 13:30,10.516,,,,,
771,01/05/2017 14:00,10.565,,,,,
772,01/05/2017 14:30,10.614,,,,,
773,01/05/2017 15:00,10.663,,,,,
774,01/05/2017 15:30,10.663,,,,,
775,01/05/2017 16:00,10.663,,,,,
776,01/05/2017 16:30,10.638,,,,,
777,01/05/2017 17:00,10.565,,,,,
778,01/05/2017 17:30,10.492,,,,,
779,01/05/2017 18:00,10.443,,,,,
780,01/05/2017 18:30,10.394,,,,,
781,01/05/2017 19:00,10.32,,,,,
782,01/05/2017 19:30,10.247,,,,,
783,01/05/2017 20:00,10.198,,,,,
784,01/05/2017 20:30,10.149,,,,,
785,01/05/2017 21:00,10.1,,,,,
786,01/05/2017 21:30,10.051,,,,,
787,01/05/2017 22:00,10.026,,,,,
788,01/05/2017 22:30,10.001,,,,,
789,01/05/2017 23:00,9.977,,,,,
790,01/05/2017 23:30,9.977,,,,,
791,01/06/2017 00:00,10.001,,,,,
792,01/06/2017 00:30,10.026,,,,,
793,01/06/2017 01:00,10.026,,,,,
794,01/06/2017 01:30,10.026,,,,,
795,01/06/2017 02:00,10.026,,,,,
796,01/06/2017 02:30,10.026,,,,,
797,01/06/2017 03:00,10.001,,,,,
798,01/06/2017 03:30,10.001,,,,,
799,01/06/2017 04:00,10.001,,,,,
800,01/06/2017 04:30,9.977,,,,,
801,01/06/2017 05:00,9.952,,,,,
802,01/06/2017 05:30,9.952,,,,,
803,01/06/2017 06:00,9.952,,,,,
804,01/06/2017 06:30,9.952,,,,,
805,01/06/2017 07:00,9.928,,,,,
806,01/06/2017 07:30,9.928,,,,,
807,01/06/2017 08:00,9.903,,,,,
808,01/06/2017 08:30,9.879,,,,,
809,01/06/2017 09:00,9.903,,,,,
810,01/06/2017 09:30,9.879,,,,,
811,01/06/2017 10:00,9.632,,,,,
812,01/06/2017 10:30,9.731,,,,,
813,01/06/2017 11:00,9.854,,,,,
814,01/06/2017 11:30,9.952,,,,,
815,01/06/2017 12:00,10.026,,,,,
816,01/06/2017 12:30,10.075,,,,,
817,01/06/2017 13:00,10.124,,,,,
818,01/06/2017 13:30,10.173,,,,,
819,01/06/2017 14:00,10.198,,,,,
820,01/06/2017 14:30,10.271,,,,,
821,01/06/2017 15:00,10.296,,,,,
822,01/06/2017 15:30,10.32,,,,,
823,01/06/2017 16:00,10.32,,,,,
824,01/06/2017 16:30,10.296,,,,,
825,01/06/2017 17:00,10.247,,,,,
826,01/06/2017 17:30,10.173,,,,,
827,01/06/2017 18:00,10.075,,,,,
828,01/06/2017 18:30,9.977,,,,,
829,01/06/2017 19:00,9.879,,,,,
830,01/06/2017 19:30,9.829,,,,,
831,01/06/2017 20:00,9.756,,,,,
832,01/06/2017 20:30,9.706,,,,,
833,01/06/2017 21:00,9.657,,,,,
834,01/06/2017 21:30,9.632,,,,,
835,01/06/2017 22:00,9.583,,,,,
836,01/06/2017 22:30,9.534,,,,,
837,01/06/2017 23:00,9.509,,,,,
838,01/06/2017 23:30,9.485,,,,,
839,01/07/2017 00:00,9.485,,,,,
840,01/07/2017 00:30,9.46,,,,,
841,01/07/2017 01:00,9.46,,,,,
842,01/07/2017 01:30,9.46,,,,,
843,01/07/2017 02:00,9.485,,,,,
844,01/07/2017 02:30,9.509,,,,,
845,01/07/2017 03:00,9.534,,,,,
846,01/07/2017 03:30,9.534,,,,,
847,01/07/2017 04:00,9.534,,,,,
848,01/07/2017 04:30,9.534,,,,,
849,01/07/2017 05:00,9.558,,,,,
850,01/07/2017 05:30,9.534,,,,,
851,01/07/2017 06:00,9.509,,,,,
852,01/07/2017 06:30,9.509,,,,,
853,01/07/2017 07:00,9.509,,,,,
854,01/07/2017 07:30,9.485,,,,,
855,01/07/2017 08:00,9.485,,,,,
856,01/07/2017 08:30,9.485,,,,,
857,01/07/2017 09:00,9.509,,,,,
858,01/07/2017 09:30,9.558,,,,,
859,01/07/2017 10:00,9.632,,,,,
860,01/07/2017 10:30,9.657,,,,,
861,01/07/2017 11:00,9.706,,,,,
862,01/07/2017 11:30,9.756,,,,,
863,01/07/2017 12:00,9.805,,,,,
864,01/07/2017 12:30,9.829,,,,,
865,01/07/2017 13:00,9.879,,,,,
866,01/07/2017 13:30,9.903,,,,,
867,01/07/2017 14:00,9.952,,,,,
868,01/07/2017 14:30,9.952,,,,,
869,01/07/2017 15:00,9.977,,,,,
870,01/07/2017 15:30,9.977,,,,,
871,01/07/2017 16:00,9.977,,,,,
872,01/07/2017 16:30,9.977,,,,,
873,01/07/2017 17:00,9.977,,,,,
874,01/07/2017 17:30,9.977,,,,,
875,01/07/2017 18:00,9.952,,,,,
876,01/07/2017 18:30,9.903,,,,,
877,01/07/2017 19:00,9.854,,,,,
878,01/07/2017 19:30,9.78,,,,,
879,01/07/2017 20:00,9.731,,,,,
880,01/07/2017 20:30,9.706,,,,,
881,01/07/2017 21:00,9.682,,,,,
882,01/07/2017 21:30,9.632,,,,,
883,01/07/2017 22:00,9.608,,,,,
884,01/07/2017 22:30,9.583,,,,,
885,01/07/2017 23:00,9.558,,,,,
886,01/07/2017 23:30,9.558,,,,,
887,01/08/2017 00:00,9.558,,,,,
888,01/08/2017 00:30,9.583,,,,,
889,01/08/2017 01:00,9.608,,,,,
890,01/08/2017 01:30,9.632,,,,,
891,01/08/2017 02:00,9.657,,,,,
892,01/08/2017 02:30,9.657,,,,,
893,01/08/2017 03:00,9.682,,,,,
894,01/08/2017 03:30,9.706,,,,,
895,01/08/2017 04:00,9.706,,,,,
896,01/08/2017 04:30,9.731,,,,,
897,01/08/2017 05:00,9.756,,,,,
898,01/08/2017 05:30,9.78,,,,,
899,01/08/2017 06:00,9.78,,,,,
900,01/08/2017 06:30,9.805,,,,,
901,01/08/2017 07:00,9.805,,,,,
902,01/08/2017 07:30,9.805,,,,,
903,01/08/2017 08:00,9.805,,,,,
904,01/08/2017 08:30,9.805,,,,,
905,01/08/2017 09:00,9.805,,,,,
906,01/08/2017 09:30,9.805,,,,,
907,01/08/2017 10:00,9.805,,,,,
908,01/08/2017 10:30,9.829,,,,,
909,01/08/2017 11:00,9.829,,,,,
910,01/08/2017 11:30,9.854,,,,,
911,01/08/2017 12:00,9.879,,,,,
912,01/08/2017 12:30,9.879,,,,,
913,01/08/2017 13:00,9.879,,,,,
914,01/08/2017 13:30,9.903,,,,,
915,01/08/2017 14:00,9.928,,,,,
916,01/08/2017 14:30,9.928,,,,,
917,01/08/2017 15:00,9.952,,,,,
918,01/08/2017 15:30,9.952,,,,,
919,01/08/2017 16:00,9.977,,,,,
920,01/08/2017 16:30,9.977,,,,,
921,01/08/2017 17:00,9.977,,,,,
922,01/08/2017 17:30,9.977,,,,,
923,01/08/2017 18:00,9.952,,,,,
924,01/08/2017 18:30,9.952,,,,,
925,01/08/2017 19:00,9.903,,,,,
926,01/08/2017 19:30,9.854,,,,,
927,01/08/2017 20:00,9.829,,,,,
928,01/08/2017 20:30,9.78,,,,,
929,01/08/2017 21:00,9.756,,,,,
930,01/08/2017 21:30,9.706,,,,,
931,01/08/2017 22:00,9.657,,,,,
932,01/08/2017 22:30,9.632,,,,,
933,01/08/2017 23:00,9.583,,,,,
934,01/08/2017 23:30,9.558,,,,,
935,01/09/2017 00:00,9.534,,,,,
936,01/09/2017 00:30,9.534,,,,,
937,01/09/2017 01:00,9.534,,,,,
938,01/09/2017 01:30,9.558,,,,,
939,01/09/2017 02:00,9.608,,,,,
940,01/09/2017 02:30,9.632,,,,,
941,01/09/2017 03:00,9.632,,,,,
942,01/09/2017 03:30,9.682,,,,,
943,01/09/2017 04:00,9.682,,,,,
944,01/09/2017 04:30,9.706,,,,,
945,01/09/2017 05:00,9.706,,,,,
946,01/09/2017 05:30,9.731,,,,,
947,01/09/2017 06:00,9.731,,,,,
948,01/09/2017 06:30,9.731,,,,,
949,01/09/2017 07:00,9.756,,,,,
950,01/09/2017 07:30,9.731,,,,,
951,01/09/2017 08:00,9.731,,,,,
952,01/09/2017 08:30,9.731,,,,,
953,01/09/2017 09:00,9.756,,,,,
954,01/09/2017 09:30,9.78,,,,,
955,01/09/2017 10:00,9.854,,,,,
956,01/09/2017 10:30,9.879,,,,,
957,01/09/2017 11:00,9.928,,,,,
958,01/09/2017 11:30,9.977,,,,,
959,01/09/2017 12:00,10.001,,,,,
960,01/09/2017 12:30,10.026,,,,,
961,01/09/2017 13:00,10.051,,,,,
962,01/09/2017 13:30,10.075,,,,,
963,01/09/2017 14:00,10.149,,,,,
964,01/09/2017 14:30,10.222,,,,,
965,01/09/2017 15:00,10.271,,,,,
966,01/09/2017 15:30,10.32,,,,,
967,01/09/2017 16:00,10.394,,,,,
968,01/09/2017 16:30,10.443,,,,,
969,01/09/2017 17:00,10.492,,,,,
970,01/09/2017 17:30,10.516,,,,,
971,01/09/2017 18:00,10.516,,,,,
972,01/09/2017 18:30,10.516,,,,,
973,01/09/2017 19:00,10.492,,,,,
974,01/09/2017 19:30,10.443,,,,,
975,01/09/2017 20:00,10.394,,,,,
976,01/09/2017 20:30,10.296,,,,,
977,01/09/2017 21:00,10.222,,,,,
978,01/09/2017 21:30,10.124,,,,,
979,01/09/2017 22:00,10.075,,,,,
980,01/09/2017 22:30,10.001,,,,,
981,01/09/2017 23:00,9.928,,,,,
982,01/09/2017 23:30,9.854,,,,,
983,01/10/2017 00:00,9.78,,,,,
984,01/10/2017 00:30,9.756,,,,,
985,01/10/2017 01:00,9.706,,,,,
986,01/10/2017 01:30,9.706,,,,,
987,01/10/2017 02:00,9.731,,,,,
988,01/10/2017 02:30,9.756,,,,,
989,01/10/2017 03:00,9.78,,,,,
990,01/10/2017 03:30,9.805,,,,,
991,01/10/2017 04:00,9.854,,,,,
992,01/10/2017 04:30,9.879,,,,,
993,01/10/2017 05:00,9.879,,,,,
994,01/10/2017 05:30,9.903,,,,,
995,01/10/2017 06:00,9.928,,,,,
996,01/10/2017 06:30,9.928,,,,,
997,01/10/2017 07:00,9.952,,,,,
998,01/10/2017 07:30,9.952,,,,,
999,01/10/2017 08:00,9.952,,,,,
1000,01/10/2017 08:30,9.977,,,,,
1001,01/10/2017 09:00,9.977,,,,,
1002,01/10/2017 09:30,10.001,,,,,
1003,01/10/2017 10:00,10.026,,,,,
1004,01/10/2017 10:30,10.026,,,,,
1005,01/10/2017 11:00,10.026,,,,,
1006,01/10/2017 11:30,10.026,,,,,
1007,01/10/2017 12:00,10.051,,,,,
1008,01/10/2017 12:30,10.051,,,,,
1009,01/10/2017 13:00,10.026,,,,,
1010,01/10/2017 13:30,10.026,,,,,
1011,01/10/2017 14:00,10.001,,,,,
1012,01/10/2017 14:30,10.001,,,,,
1013,01/10/2017 15:00,9.977,,,,,
1014,01/10/2017 15:30,9.977,,,,,
1015,01/10/2017 16:00,9.952,,,,,
1016,01/10/2017 16:30,9.952,,,,,
1017,01/10/2017 17:00,9.928,,,,,
1018,01/10/2017 17:30,9.928,,,,,
1019,01/10/2017 18:00,9.903,,,,,
1020,01/10/2017 18:30,9.879,,,,,
1021,01/10/2017 19:00,9.854,,,,,
1022,01/10/2017 19:30,9.829,,,,,
1023,01/10/2017 20:00,9.78,,,,,
1024,01/10/2017 20:30,9.756,,,,,
1025,01/10/2017 21:00,9.731,,,,,
1026,01/10/2017 21:30,9.682,,,,,
1027,01/10/2017 22:00,9.632,,,,,
1028,01/10/2017 22:30,9.583,,,,,
1029,01/10/2017 23:00,9.534,,,,,
1030,01/10/2017 23:30,9.509,,,,,
1031,01/11/2017 00:00,9.485,,,,,
1032,01/11/2017 00:30,9.435,,,,,
1033,01/11/2017 01:00,9.41,,,,,
1034,01/11/2017 01:30,9.41,,,,,
1035,01/11/2017 02:00,9.386,,,,,
1036,01/11/2017 02:30,9.386,,,,,
1037,01/11/2017 03:00,9.435,,,,,
1038,01/11/2017 03:30,9.46,,,,,
1039,01/11/2017 04:00,9.485,,,,,
1040,01/11/2017 04:30,9.509,,,,,
1041,01/11/2017 05:00,9.534,,,,,
1042,01/11/2017 05:30,9.558,,,,,
1043,01/11/2017 06:00,9.558,,,,,
1044,01/11/2017 06:30,9.583,,,,,
1045,01/11/2017 07:00,9.632,,,,,
1046,01/11/2017 07:30,9.632,,,,,
1047,01/11/2017 08:00,9.657,,,,,
1048,01/11/2017 08:30,9.682,,,,,
1049,01/11/2017 09:00,9.731,,,,,
1050,01/11/2017 09:30,9.756,,,,,
1051,01/11/2017 10:00,9.805,,,,,
1052,01/11/2017 10:30,9.879,,,,,
1053,01/11/2017 11:00,9.928,,,,,
1054,01/11/2017 11:30,9.977,,,,,
1055,01/11/2017 12:00,10.001,,,,,
1056,01/11/2017 12:30,10.051,,,,,
1057,01/11/2017 13:00,10.075,,,,,
1058,01/11/2017 13:30,10.1,,,,,
1059,01/11/2017 14:00,10.124,,,,,
1060,01/11/2017 14:30,10.173,,,,,
1061,01/11/2017 15:00,10.222,,,,,
1062,01/11/2017 15:30,10.247,,,,,
1063,01/11/2017 16:00,10.296,,,,,
1064,01/11/2017 16:30,10.32,,,,,
1065,01/11/2017 17:00,10.296,,,,,
1066,01/11/2017 17:30,10.271,,,,,
1067,01/11/2017 18:00,10.247,,,,,
1068,01/11/2017 18:30,10.198,,,,,
1069,01/11/2017 19:00,10.124,,,,,
1070,01/11/2017 19:30,10.075,,,,,
1071,01/11/2017 20:00,9.977,,,,,
1072,01/11/2017 20:30,9.903,,,,,
1073,01/11/2017 21:00,9.829,,,,,
1074,01/11/2017 21:30,9.756,,,,,
1075,01/11/2017 22:00,9.706,,,,,
1076,01/11/2017 22:30,9.632,,,,,
1077,01/11/2017 23:00,9.583,,,,,
1078,01/11/2017 23:30,9.534,,,,,
1079,01/12/2017 00:00,9.485,,,,,
1080,01/12/2017 00:30,9.435,,,,,
1081,01/12/2017 01:00,9.41,,,,,
1082,01/12/2017 01:30,9.386,,,,,
1083,01/12/2017 02:00,9.361,,,,,
1084,01/12/2017 02:30,9.361,,,,,
1085,01/12/2017 03:00,9.386,,,,,
1086,01/12/2017 03:30,9.41,,,,,
1087,01/12/2017 04:00,9.435,,,,,
1088,01/12/2017 04:30,9.46,,,,,
1089,01/12/2017 05:00,9.485,,,,,
1090,01/12/2017 05:30,9.485,,,,,
1091,01/12/2017 06:00,9.485,,,,,
1092,01/12/2017 06:30,9.509,,,,,
1093,01/12/2017 07:00,9.534,,,,,
1094,01/12/2017 07:30,9.534,,,,,
1095,01/12/2017 08:00,9.534,,,,,
1096,01/12/2017 08:30,9.534,,,,,
1097,01/12/2017 09:00,9.558,,,,,
1098,01/12/2017 09:30,9.558,,,,,
1099,01/12/2017 10:00,9.608,,,,,
1100,01/12/2017 10:30,9.632,,,,,
1101,01/12/2017 11:00,9.657,,,,,
1102,01/12/2017 11:30,9.682,,,,,
1103,01/12/2017 12:00,9.706,,,,,
1104,01/12/2017 12:30,9.706,,,,,
1105,01/12/2017 13:00,9.706,,,,,
1106,01/12/2017 13:30,9.731,,,,,
1107,01/12/2017 14:00,9.756,,,,,
1108,01/12/2017 14:30,9.78,,,,,
1109,01/12/2017 15:00,9.78,,,,,
1110,01/12/2017 15:30,9.805,,,,,
1111,01/12/2017 16:00,9.805,,,,,
1112,01/12/2017 16:30,9.805,,,,,
1113,01/12/2017 17:00,9.78,,,,,
1114,01/12/2017 17:30,9.78,,,,,
1115,01/12/2017 18:00,9.756,,,,,
1116,01/12/2017 18:30,9.756,,,,,
1117,01/12/2017 19:00,9.731,,,,,
1118,01/12/2017 19:30,9.731,,,,,
1119,01/12/2017 20:00,9.731,,,,,
1120,01/12/2017 20:30,9.706,,,,,
1121,01/12/2017 21:00,9.682,,,,,
1122,01/12/2017 21:30,9.682,,,,,
1123,01/12/2017 22:00,9.682,,,,,
1124,01/12/2017 22:30,9.657,,,,,
1125,01/12/2017 23:00,9.632,,,,,
1126,01/12/2017 23:30,9.608,,,,,
1127,01/13/2017 00:00,9.583,,,,,
1128,01/13/2017 00:30,9.558,,,,,
1129,01/13/2017 01:00,9.509,,,,,
1130,01/13/2017 01:30,9.485,,,,,
1131,01/13/2017 02:00,9.435,,,,,
1132,01/13/2017 02:30,9.41,,,,,
1133,01/13/2017 03:00,9.41,,,,,
1134,01/13/2017 03:30,9.435,,,,,
1135,01/13/2017 04:00,9.435,,,,,
1136,01/13/2017 04:30,9.46,,,,,
1137,01/13/2017 05:00,9.509,,,,,
1138,01/13/2017 05:30,9.534,,,,,
1139,01/13/2017 06:00,9.558,,,,,
1140,01/13/2017 06:30,9.583,,,,,
1141,01/13/2017 07:00,9.632,,,,,
1142,01/13/2017 07:30,9.657,,,,,
1143,01/13/2017 08:00,9.682,,,,,
1144,01/13/2017 08:30,9.682,,,,,
1145,01/13/2017 09:00,9.706,,,,,
1146,01/13/2017 09:30,9.731,,,,,
1147,01/13/2017 10:00,9.78,,,,,
1148,01/13/2017 10:30,9.854,,,,,
1149,01/13/2017 11:00,9.928,,,,,
1150,01/13/2017 11:30,10.001,,,,,
1151,01/13/2017 12:00,10.026,,,,,
1152,01/13/2017 12:30,10.051,,,,,
1153,01/13/2017 13:00,10.051,,,,,
1154,01/13/2017 13:30,10.051,,,,,
1155,01/13/2017 14:00,10.026,,,,,
1156,01/13/2017 14:30,10.026,,,,,
1157,01/13/2017 15:00,10.001,,,,,
1158,01/13/2017 15:30,9.977,,,,,
1159,01/13/2017 16:00,9.977,,,,,
1160,01/13/2017 16:30,9.977,,,,,
1161,01/13/2017 17:00,9.952,,,,,
1162,01/13/2017 17:30,9.928,,,,,
1163,01/13/2017 18:00,9.928,,,,,
1164,01/13/2017 18:30,9.903,,,,,
1165,01/13/2017 19:00,9.903,,,,,
1166,01/13/2017 19:30,9.903,,,,,
1167,01/13/2017 20:00,9.903,,,,,
1168,01/13/2017 20:30,9.903,,,,,
1169,01/13/2017 21:00,9.879,,,,,
1170,01/13/2017 21:30,9.829,,,,,
1171,01/13/2017 22:00,9.829,,,,,
1172,01/13/2017 22:30,9.829,,,,,
1173,01/13/2017 23:00,9.805,,,,,
1174,01/13/2017 23:30,9.756,,,,,
1175,01/14/2017 00:00,9.731,,,,,
1176,01/14/2017 00:30,9.706,,,,,
1177,01/14/2017 01:00,9.657,,,,,
1178,01/14/2017 01:30,9.632,,,,,
1179,01/14/2017 02:00,9.608,,,,,
1180,01/14/2017 02:30,9.558,,,,,
1181,01/14/2017 03:00,9.534,,,,,
1182,01/14/2017 03:30,9.534,,,,,
1183,01/14/2017 04:00,9.534,,,,,
1184,01/14/2017 04:30,9.558,,,,,
1185,01/14/2017 05:00,9.583,,,,,
1186,01/14/2017 05:30,9.608,,,,,
1187,01/14/2017 06:00,9.632,,,,,
1188,01/14/2017 06:30,9.657,,,,,
1189,01/14/2017 07:00,9.657,,,,,
1190,01/14/2017 07:30,9.682,,,,,
1191,01/14/2017 08:00,9.682,,,,,
1192,01/14/2017 08:30,9.682,,,,,
1193,01/14/2017 09:00,9.731,,,,,
1194,01/14/2017 09:30,9.731,,,,,
1195,01/14/2017 10:00,9.756,,,,,
1196,01/14/2017 10:30,9.805,,,,,
1197,01/14/2017 11:00,9.829,,,,,
1198,01/14/2017 11:30,9.854,,,,,
1199,01/14/2017 12:00,9.879,,,,,
1200,01/14/2017 12:30,9.903,,,,,
1201,01/14/2017 13:00,9.903,,,,,
1202,01/14/2017 13:30,9.903,,,,,
1203,01/14/2017 14:00,9.903,,,,,
1204,01/14/2017 14:30,9.879,,,,,
1205,01/14/2017 15:00,9.879,,,,,
1206,01/14/2017 15:30,9.879,,,,,
1207,01/14/2017 16:00,9.879,,,,,
1208,01/14/2017 16:30,9.879,,,,,
1209,01/14/2017 17:00,9.879,,,,,
1210,01/14/2017 17:30,9.854,,,,,
1211,01/14/2017 18:00,9.854,,,,,
1212,01/14/2017 18:30,9.854,,,,,
1213,01/14/2017 19:00,9.854,,,,,
1214,01/14/2017 19:30,9.854,,,,,
1215,01/14/2017 20:00,9.854,,,,,
1216,01/14/2017 20:30,9.854,,,,,
1217,01/14/2017 21:00,9.854,,,,,
1218,01/14/2017 21:30,9.854,,,,,
1219,01/14/2017 22:00,9.854,,,,,
1220,01/14/2017 22:30,9.829,,,,,
1221,01/14/2017 23:00,9.829,,,,,
1222,01/14/2017 23:30,9.805,,,,,
1223,01/15/2017 00:00,9.78,,,,,
1224,01/15/2017 00:30,9.756,,,,,
1225,01/15/2017 01:00,9.731,,,,,
1226,01/15/2017 01:30,9.682,,,,,
1227,01/15/2017 02:00,9.657,,,,,
1228,01/15/2017 02:30,9.632,,,,,
1229,01/15/2017 03:00,9.608,,,,,
1230,01/15/2017 03:30,9.583,,,,,
1231,01/15/2017 04:00,9.583,,,,,
1232,01/15/2017 04:30,9.583,,,,,
1233,01/15/2017 05:00,9.608,,,,,
1234,01/15/2017 05:30,9.632,,,,,
1235,01/15/2017 06:00,9.632,,,,,
1236,01/15/2017 06:30,9.657,,,,,
1237,01/15/2017 07:00,9.657,,,,,
1238,01/15/2017 07:30,9.657,,,,,
1239,01/15/2017 08:00,9.682,,,,,
1240,01/15/2017 08:30,9.682,,,,,
1241,01/15/2017 09:00,9.706,,,,,
1242,01/15/2017 09:30,9.731,,,,,
1243,01/15/2017 10:00,9.756,,,,,
1244,01/15/2017 10:30,9.78,,,,,
1245,01/15/2017 11:00,9.829,,,,,
1246,01/15/2017 11:30,9.854,,,,,
1247,01/15/2017 12:00,9.903,,,,,
1248,01/15/2017 12:30,9.928,,,,,
1249,01/15/2017 13:00,9.928,,,,,
1250,01/15/2017 13:30,9.952,,,,,
1251,01/15/2017 14:00,9.952,,,,,
1252,01/15/2017 14:30,9.952,,,,,
1253,01/15/2017 15:00,9.952,,,,,
1254,01/15/2017 15:30,9.903,,,,,
1255,01/15/2017 16:00,9.903,,,,,
1256,01/15/2017 16:30,9.879,,,,,
1257,01/15/2017 17:00,9.829,,,,,
1258,01/15/2017 17:30,9.805,,,,,
1259,01/15/2017 18:00,9.756,,,,,
1260,01/15/2017 18:30,9.731,,,,,
1261,01/15/2017 19:00,9.706,,,,,
1262,01/15/2017 19:30,9.706,,,,,
1263,01/15/2017 20:00,9.706,,,,,
1264,01/15/2017 20:30,9.682,,,,,
1265,01/15/2017 21:00,9.682,,,,,
1266,01/15/2017 21:30,9.682,,,,,
1267,01/15/2017 22:00,9.682,,,,,
1268,01/15/2017 22:30,9.706,,,,,
1269,01/15/2017 23:00,9.706,,,,,
1270,01/15/2017 23:30,9.682,,,,,
1271,01/16/2017 00:00,9.682,,,,,
1272,01/16/2017 00:30,9.682,,,,,
1273,01/16/2017 01:00,9.682,,,,,
1274,01/16/2017 01:30,9.657,,,,,
1275,01/16/2017 02:00,9.632,,,,,
1276,01/16/2017 02:30,9.632,,,,,
1277,01/16/2017 03:00,9.583,,,,,
1278,01/16/2017 03:30,9.558,,,,,
1279,01/16/2017 04:00,9.534,,,,,
1280,01/16/2017 04:30,9.534,,,,,
1281,01/16/2017 05:00,9.534,,,,,
1282,01/16/2017 05:30,9.534,,,,,
1283,01/16/2017 06:00,9.534,,,,,
1284,01/16/2017 06:30,9.558,,,,,
1285,01/16/2017 07:00,9.583,,,,,
1286,01/16/2017 07:30,9.608,,,,,
1287,01/16/2017 08:00,9.632,,,,,
1288,01/16/2017 08:30,9.657,,,,,
1289,01/16/2017 09:00,9.731,,,,,
1290,01/16/2017 09:30,9.731,,,,,
1291,01/16/2017 10:00,9.731,,,,,
1292,01/16/2017 10:30,9.78,,,,,
1293,01/16/2017 11:00,9.854,,,,,
1294,01/16/2017 11:30,9.952,,,,,
1295,01/16/2017 12:00,10.051,,,,,
1296,01/16/2017 12:30,10.124,,,,,
1297,01/16/2017 13:00,10.051,,,,,
1298,01/16/2017 13:30,10.173,,,,,
1299,01/16/2017 14:00,10.247,,,,,
1300,01/16/2017 14:30,10.296,,,,,
1301,01/16/2017 15:00,10.32,,,,,
1302,01/16/2017 15:30,10.32,,,,,
1303,01/16/2017 16:00,10.32,,,,,
1304,01/16/2017 16:30,10.296,,,,,
1305,01/16/2017 17:00,10.271,,,,,
1306,01/16/2017 17:30,10.247,,,,,
1307,01/16/2017 18:00,10.222,,,,,
1308,01/16/2017 18:30,10.198,,,,,
1309,01/16/2017 19:00,10.173,,,,,
1310,01/16/2017 19:30,10.149,,,,,
1311,01/16/2017 20:00,10.124,,,,,
1312,01/16/2017 20:30,10.124,,,,,
1313,01/16/2017 21:00,10.124,,,,,
1314,01/16/2017 21:30,10.149,,,,,
1315,01/16/2017 22:00,10.149,,,,,
1316,01/16/2017 22:30,10.149,,,,,
1317,01/16/2017 23:00,10.149,,,,,
1318,01/16/2017 23:30,10.124,,,,,
1319,01/17/2017 00:00,10.124,,,,,
1320,01/17/2017 00:30,10.124,,,,,
1321,01/17/2017 01:00,10.1,,,,,
1322,01/17/2017 01:30,10.1,,,,,
1323,01/17/2017 02:00,10.1,,,,,
1324,01/17/2017 02:30,10.075,,,,,
1325,01/17/2017 03:00,10.051,,,,,
1326,01/17/2017 03:30,10.026,,,,,
1327,01/17/2017 04:00,10.001,,,,,
1328,01/17/2017 04:30,9.977,,,,,
1329,01/17/2017 05:00,9.952,,,,,
1330,01/17/2017 05:30,9.928,,,,,
1331,01/17/2017 06:00,9.928,,,,,
1332,01/17/2017 06:30,9.928,,,,,
1333,01/17/2017 07:00,9.928,,,,,
1334,01/17/2017 07:30,9.977,,,,,
1335,01/17/2017 08:00,10.001,,,,,
1336,01/17/2017 08:30,10.026,,,,,
1337,01/17/2017 09:00,10.026,,,,,
1338,01/17/2017 09:30,10.051,,,,,
1339,01/17/2017 10:00,10.075,,,,,
1340,01/17/2017 10:30,10.075,,,,,
1341,01/17/2017 11:00,10.1,,,,,
1342,01/17/2017 11:30,10.124,,,,,
1343,01/17/2017 12:00,10.124,,,,,
1344,01/17/2017 12:30,10.149,,,,,
1345,01/17/2017 13:00,10.149,,,,,
1346,01/17/2017 13:30,10.173,,,,,
1347,01/17/2017 14:00,10.198,,,,,
1348,01/17/2017 14:30,10.198,,,,,
1349,01/17/2017 15:00,10.198,,,,,
1350,01/17/2017 15:30,10.198,,,,,
1351,01/17/2017 16:00,10.149,,,,,
1352,01/17/2017 16:30,10.149,,,,,
1353,01/17/2017 17:00,10.124,,,,,
1354,01/17/2017 17:30,10.075,,,,,
1355,01/17/2017 18:00,10.075,,,,,
1356,01/17/2017 18:30,10.051,,,,,
1357,01/17/2017 19:00,10.026,,,,,
1358,01/17/2017 19:30,10.026,,,,,
1359,01/17/2017 20:00,10.001,,,,,
1360,01/17/2017 20:30,10.026,,,,,
1361,01/17/2017 21:00,10.001,,,,,
1362,01/17/2017 21:30,10.001,,,,,
1363,01/17/2017 22:00,10.001,,,,,
1364,01/17/2017 22:30,10.026,,,,,
1365,01/17/2017 23:00,10.026,,,,,
1366,01/17/2017 23:30,10.026,,,,,
1367,01/18/2017 00:00,10.051,,,,,
1368,01/18/2017 00:30,10.075,,,,,
1369,01/18/2017 01:00,10.075,,,,,
1370,01/18/2017 01:30,10.1,,,,,
1371,01/18/2017 02:00,10.1,,,,,
1372,01/18/2017 02:30,10.124,,,,,
1373,01/18/2017 03:00,10.124,,,,,
1374,01/18/2017 03:30,10.124,,,,,
1375,01/18/2017 04:00,10.1,,,,,
1376,01/18/2017 04:30,10.1,,,,,
1377,01/18/2017 05:00,10.075,,,,,
1378,01/18/2017 05:30,10.051,,,,,
1379,01/18/2017 06:00,10.026,,,,,
1380,01/18/2017 06:30,10.026,,,,,
1381,01/18/2017 07:00,10.026,,,,,
1382,01/18/2017 07:30,10.026,,,,,
1383,01/18/2017 08:00,10.051,,,,,
1384,01/18/2017 08:30,10.075,,,,,
1385,01/18/2017 09:00,10.1,,,,,
1386,01/18/2017 09:30,10.149,,,,,
1387,01/18/2017 10:00,10.198,,,,,
1388,01/18/2017 10:30,10.271,,,,,
1389,01/18/2017 11:00,10.369,,,,,
1390,01/18/2017 11:30,10.467,,,,,
1391,01/18/2017 12:00,10.565,,,,,
1392,01/18/2017 12:30,10.663,,,,,
1393,01/18/2017 13:00,10.736,,,,,
1394,01/18/2017 13:30,10.81,,,,,
1395,01/18/2017 14:00,10.907,,,,,
1396,01/18/2017 14:30,11.029,,,,,
1397,01/18/2017 15:00,11.078,,,,,
1398,01/18/2017 15:30,11.102,,,,,
1399,01/18/2017 16:00,11.127,,,,,
1400,01/18/2017 16:30,11.127,,,,,
1401,01/18/2017 17:00,11.102,,,,,
1402,01/18/2017 17:30,11.078,,,,,
1403,01/18/2017 18:00,11.029,,,,,
1404,01/18/2017 18:30,10.98,,,,,
1405,01/18/2017 19:00,10.907,,,,,
1406,01/18/2017 19:30,10.858,,,,,
1407,01/18/2017 20:00,10.785,,,,,
1408,01/18/2017 20:30,10.736,,,,,
1409,01/18/2017 21:00,10.663,,,,,
1410,01/18/2017 21:30,10.59,,,,,
1411,01/18/2017 22:00,10.541,,,,,
1412,01/18/2017 22:30,10.541,,,,,
1413,01/18/2017 23:00,10.492,,,,,
1414,01/18/2017 23:30,10.467,,,,,
1415,01/19/2017 00:00,10.443,,,,,
1416,01/19/2017 00:30,10.418,,,,,
1417,01/19/2017 01:00,10.418,,,,,
1418,01/19/2017 01:30,10.369,,,,,
1419,01/19/2017 02:00,10.369,,,,,
1420,01/19/2017 02:30,10.345,,,,,
1421,01/19/2017 03:00,10.32,,,,,
1422,01/19/2017 03:30,10.296,,,,,
1423,01/19/2017 04:00,10.271,,,,,
1424,01/19/2017 04:30,10.271,,,,,
1425,01/19/2017 05:00,10.222,,,,,
1426,01/19/2017 05:30,10.222,,,,,
1427,01/19/2017 06:00,10.198,,,,,
1428,01/19/2017 06:30,10.198,,,,,
1429,01/19/2017 07:00,10.173,,,,,
1430,01/19/2017 07:30,10.149,,,,,
1431,01/19/2017 08:00,10.149,,,,,
1432,01/19/2017 08:30,10.173,,,,,
1433,01/19/2017 09:00,10.173,,,,,
1434,01/19/2017 09:30,10.222,,,,,
1435,01/19/2017 10:00,10.247,,,,,
1436,01/19/2017 10:30,10.296,,,,,
1437,01/19/2017 11:00,10.394,,,,,
1438,01/19/2017 11:30,10.492,,,,,
1439,01/19/2017 12:00,10.59,,,,,
1440,01/19/2017 12:30,10.663,,,,,
1441,01/19/2017 13:00,10.761,,,,,
1442,01/19/2017 13:30,10.834,,,,,
1443,01/19/2017 14:00,10.883,,,,,
1444,01/19/2017 14:30,10.932,,,,,
1445,01/19/2017 15:00,10.98,,,,,
1446,01/19/2017 15:30,11.005,,,,,
1447,01/19/2017 16:00,11.029,,,,,
1448,01/19/2017 16:30,11.053,,,,,
1449,01/19/2017 17:00,11.053,,,,,
1450,01/19/2017 17:30,11.005,,,,,
1451,01/19/2017 18:00,10.956,,,,,
1452,01/19/2017 18:30,10.932,,,,,
1453,01/19/2017 19:00,10.883,,,,,
1454,01/19/2017 19:30,10.81,,,,,
1455,01/19/2017 20:00,10.761,,,,,
1456,01/19/2017 20:30,10.712,,,,,
1457,01/19/2017 21:00,10.638,,,,,
1458,01/19/2017 21:30,10.565,,,,,
1459,01/19/2017 22:00,10.516,,,,,
1460,01/19/2017 22:30,10.467,,,,,
1461,01/19/2017 23:00,10.418,,,,,
1462,01/19/2017 23:30,10.345,,,,,
1463,01/20/2017 00:00,10.296,,,,,
1464,01/20/2017 00:30,10.271,,,,,
1465,01/20/2017 01:00,10.222,,,,,
1466,01/20/2017 01:30,10.222,,,,,
1467,01/20/2017 02:00,10.222,,,,,
1468,01/20/2017 02:30,10.198,,,,,
1469,01/20/2017 03:00,10.173,,,,,
1470,01/20/2017 03:30,10.149,,,,,
1471,01/20/2017 04:00,10.1,,,,,
1472,01/20/2017 04:30,10.1,,,,,
1473,01/20/2017 05:00,10.075,,,,,
1474,01/20/2017 05:30,10.051,,,,,
1475,01/20/2017 06:00,10.026,,,,,
1476,01/20/2017 06:30,10.026,,,,,
1477,01/20/2017 07:00,10.026,,,,,
1478,01/20/2017 07:30,9.977,,,,,
1479,01/20/2017 08:00,9.977,,,,,
1480,01/20/2017 08:30,9.977,,,,,
1481,01/20/2017 09:00,9.977,,,,,
1482,01/20/2017 09:30,9.952,,,,,
1483,01/20/2017 10:00,9.952,,,,,
1484,01/20/2017 10:30,9.977,,,,,
1485,01/20/2017 11:00,10.001,,,,,
1486,01/20/2017 11:30,10.051,,,,,
1487,01/20/2017 12:00,10.124,,,,,
1488,01/20/2017 12:30,10.222,,,,,
1489,01/20/2017 13:00,10.296,,,,,
1490,01/20/2017 13:30,10.369,,,,,
1491,01/20/2017 14:00,10.443,,,,,
1492,01/20/2017 14:30,10.492,,,,,
1493,01/20/2017 15:00,10.541,,,,,
1494,01/20/2017 15:30,10.59,,,,,
1495,01/20/2017 16:00,10.614,,,,,
1496,01/20/2017 16:30,10.638,,,,,
1497,01/20/2017 17:00,10.638,,,,,
1498,01/20/2017 17:30,10.638,,,,,
1499,01/20/2017 18:00,10.614,,,,,
1500,01/20/2017 18:30,10.565,,,,,
1501,01/20/2017 19:00,10.516,,,,,
1502,01/20/2017 19:30,10.467,,,,,
1503,01/20/2017 20:00,10.443,,,,,
1504,01/20/2017 20:30,10.418,,,,,
1505,01/20/2017 21:00,10.369,,,,,
1506,01/20/2017 21:30,10.345,,,,,
1507,01/20/2017 22:00,10.296,,,,,
1508,01/20/2017 22:30,10.32,,,,,
1509,01/20/2017 23:00,10.296,,,,,
1510,01/20/2017 23:30,10.271,,,,,
1511,01/21/2017 00:00,10.271,,,,,
1512,01/21/2017 00:30,10.271,,,,,
1513,01/21/2017 01:00,10.296,,,,,
1514,01/21/2017 01:30,10.32,,,,,
1515,01/21/2017 02:00,10.32,,,,,
1516,01/21/2017 02:30,10.345,,,,,
1517,01/21/2017 03:00,10.345,,,,,
1518,01/21/2017 03:30,10.345,,,,,
1519,01/21/2017 04:00,10.345,,,,,
1520,01/21/2017 04:30,10.369,,,,,
1521,01/21/2017 05:00,10.345,,,,,
1522,01/21/2017 05:30,10.345,,,,,
1523,01/21/2017 06:00,10.32,,,,,
1524,01/21/2017 06:30,10.32,,,,,
1525,01/21/2017 07:00,10.32,,,,,
1526,01/21/2017 07:30,10.32,,,,,
1527,01/21/2017 08:00,10.296,,,,,
1528,01/21/2017 08:30,10.296,,,,,
1529,01/21/2017 09:00,10.271,,,,,
1530,01/21/2017 09:30,10.271,,,,,
1531,01/21/2017 10:00,10.271,,,,,
1532,01/21/2017 10:30,10.296,,,,,
1533,01/21/2017 11:00,10.32,,,,,
1534,01/21/2017 11:30,10.345,,,,,
1535,01/21/2017 12:00,10.369,,,,,
1536,01/21/2017 12:30,10.418,,,,,
1537,01/21/2017 13:00,10.418,,,,,
1538,01/21/2017 13:30,10.443,,,,,
1539,01/21/2017 14:00,10.443,,,,,
1540,01/21/2017 14:30,10.467,,,,,
1541,01/21/2017 15:00,10.492,,,,,
1542,01/21/2017 15:30,10.516,,,,,
1543,01/21/2017 16:00,10.516,,,,,
1544,01/21/2017 16:30,10.541,,,,,
1545,01/21/2017 17:00,10.541,,,,,
1546,01/21/2017 17:30,10.541,,,,,
1547,01/21/2017 18:00,10.516,,,,,
1548,01/21/2017 18:30,10.516,,,,,
1549,01/21/2017 19:00,10.492,,,,,
1550,01/21/2017 19:30,10.443,,,,,
1551,01/21/2017 20:00,10.418,,,,,
1552,01/21/2017 20:30,10.418,,,,,
1553,01/21/2017 21:00,10.394,,,,,
1554,01/21/2017 21:30,10.369,,,,,
1555,01/21/2017 22:00,10.345,,,,,
1556,01/21/2017 22:30,10.345,,,,,
1557,01/21/2017 23:00,10.32,,,,,
1558,01/21/2017 23:30,10.32,,,,,
1559,01/22/2017 00:00,10.296,,,,,
1560,01/22/2017 00:30,10.296,,,,,
1561,01/22/2017 01:00,10.296,,,,,
1562,01/22/2017 01:30,10.32,,,,,
1563,01/22/2017 02:00,10.345,,,,,
1564,01/22/2017 02:30,10.369,,,,,
1565,01/22/2017 03:00,10.345,,,,,
1566,01/22/2017 03:30,10.345,,,,,
1567,01/22/2017 04:00,10.345,,,,,
1568,01/22/2017 04:30,10.345,,,,,
1569,01/22/2017 05:00,10.32,,,,,
1570,01/22/2017 05:30,10.296,,,,,
1571,01/22/2017 06:00,10.296,,,,,
1572,01/22/2017 06:30,10.296,,,,,
1573,01/22/2017 07:00,10.271,,,,,
1574,01/22/2017 07:30,10.271,,,,,
1575,01/22/2017 08:00,10.271,,,,,
1576,01/22/2017 08:30,10.271,,,,,
1577,01/22/2017 09:00,10.271,,,,,
1578,01/22/2017 09:30,10.271,,,,,
1579,01/22/2017 10:00,10.271,,,,,
1580,01/22/2017 10:30,10.296,,,,,
1581,01/22/2017 11:00,10.296,,,,,
1582,01/22/2017 11:30,10.32,,,,,
1583,01/22/2017 12:00,10.32,,,,,
1584,01/22/2017 12:30,10.345,,,,,
1585,01/22/2017 13:00,10.369,,,,,
1586,01/22/2017 13:30,10.369,,,,,
1587,01/22/2017 14:00,10.394,,,,,
1588,01/22/2017 14:30,10.418,,,,,
1589,01/22/2017 15:00,10.394,,,,,
1590,01/22/2017 15:30,10.394,,,,,
1591,01/22/2017 16:00,10.394,,,,,
1592,01/22/2017 16:30,10.418,,,,,
1593,01/22/2017 17:00,10.394,,,,,
1594,01/22/2017 17:30,10.369,,,,,
1595,01/22/2017 18:00,10.345,,,,,
1596,01/22/2017 18:30,10.345,,,,,
1597,01/22/2017 19:00,10.32,,,,,
1598,01/22/2017 19:30,10.271,,,,,
1599,01/22/2017 20:00,10.247,,,,,
1600,01/22/2017 20:30,10.222,,,,,
1601,01/22/2017 21:00,10.198,,,,,
1602,01/22/2017 21:30,10.173,,,,,
1603,01/22/2017 22:00,10.149,,,,,
1604,01/22/2017 22:30,10.149,,,,,
1605,01/22/2017 23:00,10.124,,,,,
1606,01/22/2017 23:30,10.1,,,,,
1607,01/23/2017 00:00,10.075,,,,,
1608,01/23/2017 00:30,10.075,,,,,
1609,01/23/2017 01:00,10.051,,,,,
1610,01/23/2017 01:30,10.051,,,,,
1611,01/23/2017 02:00,10.075,,,,,
1612,01/23/2017 02:30,10.075,,,,,
1613,01/23/2017 03:00,10.075,,,,,
1614,01/23/2017 03:30,10.1,,,,,
1615,01/23/2017 04:00,10.1,,,,,
1616,01/23/2017 04:30,10.1,,,,,
1617,01/23/2017 05:00,10.124,,,,,
1618,01/23/2017 05:30,10.124,,,,,
1619,01/23/2017 06:00,10.124,,,,,
1620,01/23/2017 06:30,10.1,,,,,
1621,01/23/2017 07:00,10.1,,,,,
1622,01/23/2017 07:30,10.1,,,,,
1623,01/23/2017 08:00,10.075,,,,,
1624,01/23/2017 08:30,10.075,,,,,
1625,01/23/2017 09:00,10.075,,,,,
1626,01/23/2017 09:30,10.1,,,,,
1627,01/23/2017 10:00,10.149,,,,,
1628,01/23/2017 10:30,10.222,,,,,
1629,01/23/2017 11:00,10.296,,,,,
1630,01/23/2017 11:30,10.222,,,,,
1631,01/23/2017 12:00,10.173,,,,,
1632,01/23/2017 12:30,10.149,,,,,
1633,01/23/2017 13:00,10.1,,,,,
1634,01/23/2017 13:30,9.583,,,,,
1635,01/23/2017 14:00,9.682,,,,,
1636,01/23/2017 14:30,9.78,,,,,
1637,01/23/2017 15:00,9.829,,,,,
1638,01/23/2017 15:30,9.879,,,,,
1639,01/23/2017 16:00,9.903,,,,,
1640,01/23/2017 16:30,9.928,,,,,
1641,01/23/2017 17:00,9.952,,,,,
1642,01/23/2017 17:30,10.026,,,,,
1643,01/23/2017 18:00,10.051,,,,,
1644,01/23/2017 18:30,10.075,,,,,
1645,01/23/2017 19:00,10.051,,,,,
1646,01/23/2017 19:30,10.026,,,,,
1647,01/23/2017 20:00,9.977,,,,,
1648,01/23/2017 20:30,9.952,,,,,
1649,01/23/2017 21:00,9.879,,,,,
1650,01/23/2017 21:30,9.829,,,,,
1651,01/23/2017 22:00,9.78,,,,,
1652,01/23/2017 22:30,9.731,,,,,
1653,01/23/2017 23:00,9.682,,,,,
1654,01/23/2017 23:30,9.657,,,,,
1655,01/24/2017 00:00,9.632,,,,,
1656,01/24/2017 00:30,9.608,,,,,
1657,01/24/2017 01:00,9.558,,,,,
1658,01/24/2017 01:30,9.558,,,,,
1659,01/24/2017 02:00,9.558,,,,,
1660,01/24/2017 02:30,9.583,,,,,
1661,01/24/2017 03:00,9.608,,,,,
1662,01/24/2017 03:30,9.632,,,,,
1663,01/24/2017 04:00,9.632,,,,,
1664,01/24/2017 04:30,9.657,,,,,
1665,01/24/2017 05:00,9.682,,,,,
1666,01/24/2017 05:30,9.706,,,,,
1667,01/24/2017 06:00,9.731,,,,,
1668,01/24/2017 06:30,9.731,,,,,
1669,01/24/2017 07:00,9.731,,,,,
1670,01/24/2017 07:30,9.756,,,,,
1671,01/24/2017 08:00,9.78,,,,,
1672,01/24/2017 08:30,9.78,,,,,
1673,01/24/2017 09:00,9.78,,,,,
1674,01/24/2017 09:30,9.78,,,,,
1675,01/24/2017 10:00,9.78,,,,,
1676,01/24/2017 10:30,9.805,,,,,
1677,01/24/2017 11:00,9.854,,,,,
1678,01/24/2017 11:30,9.854,,,,,
1679,01/24/2017 12:00,9.854,,,,,
1680,01/24/2017 12:30,9.879,,,,,
1681,01/24/2017 13:00,9.879,,,,,
1682,01/24/2017 13:30,9.879,,,,,
1683,01/24/2017 14:00,9.903,,,,,
1684,01/24/2017 14:30,9.928,,,,,
1685,01/24/2017 15:00,9.952,,,,,
1686,01/24/2017 15:30,9.928,,,,,
1687,01/24/2017 16:00,9.952,,,,,
1688,01/24/2017 16:30,9.928,,,,,
1689,01/24/2017 17:00,9.928,,,,,
1690,01/24/2017 17:30,9.903,,,,,
1691,01/24/2017 18:00,9.903,,,,,
1692,01/24/2017 18:30,9.903,,,,,
1693,01/24/2017 19:00,9.903,,,,,
1694,01/24/2017 19:30,9.903,,,,,
1695,01/24/2017 20:00,9.903,,,,,
1696,01/24/2017 20:30,9.903,,,,,
1697,01/24/2017 21:00,9.879,,,,,
1698,01/24/2017 21:30,9.854,,,,,
1699,01/24/2017 22:00,9.829,,,,,
1700,01/24/2017 22:30,9.854,,,,,
1701,01/24/2017 23:00,9.829,,,,,
1702,01/24/2017 23:30,9.829,,,,,
1703,01/25/2017 00:00,9.805,,,,,
1704,01/25/2017 00:30,9.805,,,,,
1705,01/25/2017 01:00,9.805,,,,,
1706,01/25/2017 01:30,9.78,,,,,
1707,01/25/2017 02:00,9.78,,,,,
1708,01/25/2017 02:30,9.829,,,,,
1709,01/25/2017 03:00,9.829,,,,,
1710,01/25/2017 03:30,9.879,,,,,
1711,01/25/2017 04:00,9.879,,,,,
1712,01/25/2017 04:30,9.903,,,,,
1713,01/25/2017 05:00,9.928,,,,,
1714,01/25/2017 05:30,9.928,,,,,
1715,01/25/2017 06:00,9.928,,,,,
1716,01/25/2017 06:30,9.952,,,,,
1717,01/25/2017 07:00,9.952,,,,,
1718,01/25/2017 07:30,9.952,,,,,
1719,01/25/2017 08:00,9.977,,,,,
1720,01/25/2017 08:30,9.977,,,,,
1721,01/25/2017 09:00,9.977,,,,,
1722,01/25/2017 09:30,10.001,,,,,
1723,01/25/2017 10:00,10.026,,,,,
1724,01/25/2017 10:30,10.075,,,,,
1725,01/25/2017 11:00,10.124,,,,,
1726,01/25/2017 11:30,10.173,,,,,
1727,01/25/2017 12:00,10.247,,,,,
1728,01/25/2017 12:30,10.32,,,,,
1729,01/25/2017 13:00,10.394,,,,,
1730,01/25/2017 13:30,10.467,,,,,
1731,01/25/2017 14:00,10.541,,,,,
1732,01/25/2017 14:30,10.687,,,,,
1733,01/25/2017 15:00,10.761,,,,,
1734,01/25/2017 15:30,10.785,,,,,
1735,01/25/2017 16:00,10.81,,,,,
1736,01/25/2017 16:30,10.81,,,,,
1737,01/25/2017 17:00,10.761,,,,,
1738,01/25/2017 17:30,11.88,,,,,
1739,01/25/2017 18:00,17.296,,,,,
1740,01/25/2017 18:30,17.082,,,,,
1741,01/25/2017 19:00,16.963,,,,,
1742,01/25/2017 19:30,18.628,,,,,
1743,01/25/2017 20:00,19.651,,,,,
1744,01/25/2017 20:30,20.198,,,,,
1745,01/25/2017 21:00,20.269,,,,,
1746,01/25/2017 21:30,20.126,,,,,
1747,01/25/2017 22:00,20.317,,,,,
1748,01/25/2017 22:30,21.223,,,,,
1749,01/25/2017 23:00,21.175,,,,,
1750,01/25/2017 23:30,21.151,,,,,
1751,01/26/2017 00:00,21.103,,,,,
1752,01/26/2017 00:30,21.175,,,,,
1753,01/26/2017 01:00,21.223,,,,,
1754,01/26/2017 01:30,21.294,,,,,
1755,01/26/2017 02:00,21.366,,,,,
1756,01/26/2017 02:30,21.413,,,,,
1757,01/26/2017 03:00,21.485,,,,,
1758,01/26/2017 03:30,21.509,,,,,
1759,01/26/2017 04:00,21.581,,,,,
1760,01/26/2017 04:30,21.604,,,,,
1761,01/26/2017 05:00,21.676,,,,,
1762,01/26/2017 05:30,21.676,,,,,
1763,01/26/2017 06:00,21.748,,,,,
1764,01/26/2017 06:30,21.724,,,,,
1765,01/26/2017 07:00,21.795,,,,,
1766,01/26/2017 07:30,21.772,,,,,
1767,01/26/2017 08:00,21.843,,,,,
1768,01/26/2017 08:30,21.867,,,,,
1769,01/26/2017 09:00,21.915,,,,,
1770,01/26/2017 09:30,21.939,,,,,
1771,01/26/2017 10:00,21.963,,,,,
1772,01/26/2017 10:30,21.676,,,,,
1773,01/26/2017 11:00,21.318,,,,,
1774,01/26/2017 11:30,21.032,,,,,
1775,01/26/2017 12:00,20.817,,,,,
1776,01/26/2017 12:30,20.507,,,,,
1777,01/26/2017 13:00,19.555,,,,,
1778,01/26/2017 13:30,21.294,,,,,
1779,01/26/2017 14:00,22.011,,,,,
1780,01/26/2017 14:30,22.369,,,,,
1781,01/26/2017 15:00,22.585,,,,,
1782,01/26/2017 15:30,22.753,,,,,
1783,01/26/2017 16:00,22.872,,,,,
1784,01/26/2017 16:30,20.865,,,,,
1785,01/26/2017 17:00,20.507,,,,,
1786,01/26/2017 17:30,20.079,,,,,
1787,01/26/2017 18:00,19.817,,,,,
1788,01/26/2017 18:30,19.817,,,,,
1789,01/26/2017 19:00,19.793,,,,,
1790,01/26/2017 19:30,19.698,,,,,
1791,01/26/2017 20:00,19.627,,,,,
1792,01/26/2017 20:30,19.579,,,,,
1793,01/26/2017 21:00,19.484,,,,,
1794,01/26/2017 21:30,19.436,,,,,
1795,01/26/2017 22:00,19.365,,,,,
1796,01/26/2017 22:30,19.222,,,,,
1797,01/26/2017 23:00,18.675,,,,,
1798,01/26/2017 23:30,17.986,,,,,
1799,01/27/2017 00:00,17.32,,,,,
1800,01/27/2017 00:30,16.749,,,,,
1801,01/27/2017 01:00,16.225,,,,,
1802,01/27/2017 01:30,15.796,,,,,
1803,01/27/2017 02:00,15.485,,,,,
1804,01/27/2017 02:30,15.223,,,,,
1805,01/27/2017 03:00,15.008,,,,,
1806,01/27/2017 03:30,14.792,,,,,
1807,01/27/2017 04:00,14.625,,,,,
1808,01/27/2017 04:30,14.481,,,,,
1809,01/27/2017 05:00,14.385,,,,,
1810,01/27/2017 05:30,14.385,,,,,
1811,01/27/2017 06:00,14.745,,,,,
1812,01/27/2017 06:30,15.294,,,,,
1813,01/27/2017 07:00,15.796,,,,,
1814,01/27/2017 07:30,16.225,,,,,
1815,01/27/2017 08:00,16.582,,,,,
1816,01/27/2017 08:30,16.915,,,,,
1817,01/27/2017 09:00,17.249,,,,,
1818,01/27/2017 09:30,17.677,,,,,
1819,01/27/2017 10:00,18.247,,,,,
1820,01/27/2017 10:30,19.127,,,,,
1821,01/27/2017 11:00,21.008,,,,,
1822,01/27/2017 11:30,23.497,,,,,
1823,01/27/2017 12:00,25.38,,,,,
1824,01/27/2017 12:30,26.353,,,,,
1825,01/27/2017 13:00,26.231,,,,,
1826,01/27/2017 13:02,,,Logged,,,
1827,01/27/2017 13:02,,,,Logged,,
1828,01/27/2017 13:03,,Logged,,,,
1829,01/27/2017 13:03,,,Logged,,,
1830,01/27/2017 13:03,,,,Logged,,
1831,01/27/2017 13:04,,,,,Logged,Logged