Timestamp,"OA Monitor - Durafet 3 - Analog Computed (pH)","OA Monitor - Durafet 2 - Analog Computed (pH)","OA Monitor - Durafet 1 - Analog Computed (pH)"
"2017-04-24 11:17:42",7.78,7.65,7.6
"2017-04-24 11:49:11",7.78,7.65,7.63
"2017-04-24 12:07:30",7.78,7.6,7.6
"2017-04-24 13:07:34",7.78,7.65,7.6
"2017-04-24 13:24:58",7.78,7.65,7.63
"2017-04-24 13:25:57",7.78,7.65,7.6
"2017-04-24 14:26:01",7.78,7.7,7.6
"2017-04-24 15:26:05",7.7,7.6,7.58
"2017-04-24 16:26:08",7.65,7.6,7.55
"2017-04-24 17:26:12",7.65,7.58,7.5
"2017-04-24 18:26:16",7.65,7.53,7.53
"2017-04-24 19:26:19",7.65,7.53,7.53
"2017-04-24 20:26:23",7.65,7.53,7.55
"2017-04-24 21:26:26",7.65,7.58,7.53
"2017-04-24 22:26:29",7.7,7.58,7.5
"2017-04-24 23:26:33",7.7,7.58,7.55
"2017-04-25 00:26:37",7.7,7.58,7.58
"2017-04-25 01:26:40",7.7,7.58,7.58
"2017-04-25 02:26:44",7.7,7.58,7.58
"2017-04-25 03:26:47",7.7,7.58,7.58
"2017-04-25 04:26:51",7.65,7.58,7.55
"2017-04-25 05:26:54",7.65,7.58,7.5
"2017-04-25 06:26:58",7.65,7.58,7.5
"2017-04-25 07:27:02",7.65,7.58,7.48
"2017-04-25 08:27:06",7.65,7.58,7.48
"2017-04-25 09:27:08",7.7,7.58,7.53
"2017-04-25 10:27:12",7.7,7.58,7.7
"2017-04-25 11:27:15",7.7,7.6,7.7
"2017-04-25 12:27:19",7.7,7.58,7.7
"2017-04-25 13:27:23",7.7,7.6,7.73
"2017-04-25 14:27:26",7.7,7.6,7.7
"2017-04-25 15:27:30",7.65,7.58,7.68
"2017-04-25 16:27:33",7.6,7.53,7.63
"2017-04-25 17:27:37",7.65,7.53,7.65
"2017-04-25 18:27:40",7.65,7.53,7.68
"2017-04-25 19:27:44",7.65,7.53,7.65
"2017-04-25 20:27:48",7.65,7.58,7.65
"2017-04-25 21:27:52",7.65,7.58,7.68
"2017-04-25 22:27:55",7.65,7.58,7.65
"2017-04-25 23:27:59",7.7,7.58,7.68
"2017-04-26 00:28:02",7.7,7.58,7.7
"2017-04-26 01:28:06",7.7,7.58,7.68
"2017-04-26 02:28:09",7.7,7.6,7.68
"2017-04-26 03:28:13",7.7,7.58,7.68
"2017-04-26 04:28:16",7.7,7.58,7.65
"2017-04-26 05:28:20",7.65,7.58,7.65
"2017-04-26 06:28:24",7.65,7.58,7.63
"2017-04-26 07:28:26",7.65,7.58,7.63
"2017-04-26 08:28:30",7.65,7.53,7.63
"2017-04-26 09:28:34",7.65,7.53,7.63
"2017-04-26 10:28:37",7.65,7.53,7.63
"2017-04-26 11:28:41",7.65,7.58,7.65
"2017-04-26 12:28:45",7.65,7.58,7.68
"2017-04-26 13:28:48",7.7,7.6,7.68
"2017-04-26 14:28:52",7.7,7.6,7.65
"2017-04-26 15:28:55",7.7,7.6,7.68
"2017-04-26 16:28:58",7.58,7.6,7.65
"2017-04-26 17:29:02",7.6,7.58,7.63
"2017-04-26 18:29:06",7.6,7.58,7.65
"2017-04-26 19:29:09",7.65,7.58,7.63
"2017-04-26 20:29:13",7.65,7.6,7.63
"2017-04-26 21:29:16",7.65,7.58,7.58
"2017-04-26 22:29:20",7.65,7.58,7.58
"2017-04-26 23:29:23",7.65,7.58,7.58
"2017-04-27 00:29:27",7.65,7.58,7.63
"2017-04-27 01:29:30",7.7,7.58,7.6
"2017-04-27 02:29:34",7.7,7.58,7.6
"2017-04-27 03:29:38",7.7,7.58,7.6
"2017-04-27 04:29:41",7.65,7.58,7.6
"2017-04-27 05:29:45",7.65,7.58,7.6
"2017-04-27 06:29:48",7.65,7.58,7.58
"2017-04-27 07:29:52",7.65,7.58,7.58
"2017-04-27 08:29:55",7.65,7.53,7.6
"2017-04-27 09:29:59",7.65,7.58,7.58
"2017-04-27 10:30:02",7.65,7.58,7.6
"2017-04-27 11:30:06",7.65,7.58,7.6
"2017-04-27 12:30:10",7.65,7.58,7.63
"2017-04-27 13:30:13",7.65,7.58,7.63
"2017-04-27 14:30:17",7.65,7.6,7.63
"2017-04-27 15:30:20",7.65,7.6,7.65
"2017-04-27 16:30:23",7.65,7.58,7.65
"2017-04-27 17:30:27",7.65,7.58,7.6
"2017-04-27 18:30:31",7.65,7.53,7.58
"2017-04-27 19:30:34",7.6,7.53,7.58
"2017-04-27 20:30:38",7.65,7.53,7.58
"2017-04-27 21:30:41",7.6,7.53,7.58
"2017-04-27 22:30:45",7.6,7.53,7.58
"2017-04-27 23:30:49",7.6,7.53,7.58
"2017-04-28 00:30:52",7.6,7.53,7.58
"2017-04-28 01:30:56",7.65,7.58,7.58
"2017-04-28 02:30:59",7.6,7.58,7.6
"2017-04-28 03:31:03",7.6,7.58,7.63
"2017-04-28 04:31:07",7.6,7.58,7.63
"2017-04-28 05:31:10",7.6,7.58,7.6
"2017-04-28 06:31:14",7.6,7.58,7.58
"2017-04-28 07:31:17",7.6,7.58,7.6
"2017-04-28 08:31:21",7.6,7.58,7.63
"2017-04-28 09:31:24",7.6,7.6,7.63
"2017-04-28 10:31:28",7.6,7.6,7.63
"2017-04-28 11:31:31",7.6,7.6,7.65
"2017-04-28 12:31:34",7.6,7.6,7.68
"2017-04-28 13:31:38",7.6,7.6,7.65
"2017-04-28 14:31:41",7.6,7.6,7.65
"2017-04-28 15:31:45",7.6,7.6,7.65
"2017-04-28 16:31:49",7.6,7.6,7.65
"2017-04-28 17:31:52",7.6,7.6,7.68
"2017-04-28 18:31:56",7.58,7.58,7.6
"2017-04-28 19:31:59",7.6,7.58,7.58
"2017-04-28 20:32:03",7.6,7.58,7.55
"2017-04-28 21:32:07",7.6,7.58,7.55
"2017-04-28 22:32:10",7.6,7.58,7.55
"2017-04-28 23:32:14",7.6,7.58,7.55
"2017-04-29 00:32:17",7.6,7.58,7.58
"2017-04-29 01:32:21",7.6,7.58,7.55
"2017-04-29 02:32:25",7.65,7.58,7.58
"2017-04-29 03:32:27",7.65,7.6,7.55
"2017-04-29 04:32:31",7.65,7.6,7.53
"2017-04-29 05:32:35",7.65,7.6,7.5
"2017-04-29 06:32:38",7.65,7.6,7.53
"2017-04-29 07:32:42",7.6,7.58,7.5
"2017-04-29 08:32:45",7.65,7.6,7.55
"2017-04-29 09:32:49",7.65,7.6,7.5
"2017-04-29 10:32:53",7.65,7.6,7.55
"2017-04-29 11:32:56",7.65,7.6,7.55
"2017-04-29 12:33:00",7.65,7.6,7.5
"2017-04-29 13:33:04",7.7,7.65,7.6
"2017-04-29 14:33:07",7.7,7.6,7.6
"2017-04-29 15:33:11",7.65,7.6,7.58
"2017-04-29 16:33:14",7.65,7.6,7.58
"2017-04-29 17:33:17",7.7,7.6,7.55
"2017-04-29 18:33:21",7.65,7.6,7.55
"2017-04-29 19:33:24",7.65,7.6,7.53
"2017-04-29 20:33:29",7.65,7.6,7.53
"2017-04-29 21:33:32",7.65,7.6,7.53
"2017-04-29 22:33:36",7.65,7.6,7.55
"2017-04-29 23:33:39",7.65,7.6,7.5
"2017-04-30 00:33:42",7.65,7.6,7.5
"2017-04-30 01:33:46",7.65,7.6,7.48
"2017-04-30 02:33:49",7.65,7.6,7.5
"2017-04-30 03:33:53",7.65,7.58,7.53
"2017-04-30 04:33:57",7.65,7.6,7.53
"2017-04-30 05:34:01",7.65,7.58,7.53
"2017-04-30 06:34:03",7.65,7.58,7.53
"2017-04-30 07:34:07",7.65,7.58,7.58
"2017-04-30 08:34:10",7.65,7.58,7.55
"2017-04-30 09:34:14",7.65,7.58,7.55
"2017-04-30 10:34:18",7.65,7.6,7.55
"2017-04-30 11:34:22",7.65,7.6,7.55
"2017-04-30 12:34:24",7.65,7.58,7.55
"2017-04-30 13:34:29",7.65,7.58,7.55
"2017-04-30 14:34:32",7.65,7.58,7.55
"2017-04-30 15:34:36",7.65,7.58,7.58
"2017-04-30 16:34:39",7.65,7.6,7.6
"2017-04-30 17:34:42",7.7,7.6,7.6
"2017-04-30 18:34:46",7.7,7.65,7.58
"2017-04-30 19:34:50",7.7,7.6,7.63
"2017-04-30 20:34:53",7.65,7.6,7.55
"2017-04-30 21:34:57",7.65,7.58,7.55
"2017-04-30 22:35:00",7.65,7.58,7.55
"2017-04-30 23:35:05",7.65,7.58,7.55
"2017-05-01 00:35:08",7.65,7.58,7.55
"2017-05-01 01:35:11",7.65,7.58,7.53
"2017-05-01 02:35:16",7.65,7.58,7.53
"2017-05-01 03:35:18",7.65,7.58,7.55
"2017-05-01 04:35:22",7.65,7.58,7.55
"2017-05-01 05:35:25",7.65,7.58,7.55
"2017-05-01 06:35:29",7.65,7.58,7.58
"2017-05-01 07:35:32",7.65,7.58,7.58
"2017-05-01 08:35:36",7.65,7.6,7.58
"2017-05-01 09:35:40",7.65,7.58,7.55
"2017-05-01 10:35:43",7.65,7.58,7.55
"2017-05-01 11:35:46",7.65,7.58,7.55
"2017-05-01 12:35:51",7.65,7.58,7.55
"2017-05-01 13:35:54",7.65,7.6,7.58
"2017-05-01 14:35:58",7.65,7.58,7.58
"2017-05-01 15:36:01",7.65,7.6,7.6
"2017-05-01 16:36:04",7.65,7.6,7.6
"2017-05-01 17:36:08",7.65,7.6,7.6
"2017-05-01 18:36:12",7.7,7.6,7.63
"2017-05-01 19:36:15",7.7,7.6,7.6
"2017-05-01 20:36:18",7.65,7.6,7.58
"2017-05-01 21:36:22",7.65,7.58,7.58
"2017-05-01 22:36:25",7.65,7.58,7.58
"2017-05-01 23:36:29",7.65,7.58,7.55
"2017-05-02 00:36:32",7.65,7.58,7.53
"2017-05-02 01:36:36",7.65,7.58,7.55
"2017-05-02 02:36:40",7.65,7.58,7.55
"2017-05-02 03:36:44",7.65,7.58,7.55
"2017-05-02 04:36:47",7.65,7.58,7.53
"2017-05-02 05:36:51",7.65,7.58,7.53
"2017-05-02 06:36:54",7.65,7.6,7.55
"2017-05-02 07:36:58",7.65,7.6,7.58
"2017-05-02 08:37:01",7.65,7.6,7.55
"2017-05-02 09:37:04",7.65,7.6,7.55
"2017-05-02 10:37:08",7.65,7.6,7.5
"2017-05-02 11:37:12",7.65,7.58,7.58
"2017-05-02 12:37:16",7.6,7.58,7.63
"2017-05-02 13:37:19",7.6,7.58,7.65
"2017-05-02 13:38:19",7.6,7.58,8.33
"2017-05-02 13:39:18",7.6,7.58,7.78
"2017-05-02 14:39:23",7.6,7.6,7.88
"2017-05-02 15:39:26",7.65,7.6,7.85
"2017-05-02 16:39:30",7.6,7.6,7.85
"2017-05-02 17:39:34",7.65,7.6,7.85
"2017-05-02 18:39:37",7.65,7.58,7.85
"2017-05-02 19:39:40",7.65,7.6,7.85
"2017-05-02 20:39:44",7.65,7.6,7.85
"2017-05-02 21:39:47",7.65,7.58,7.85
"2017-05-02 22:39:51",7.65,7.58,7.85
"2017-05-02 23:39:54",7.6,7.58,7.83
"2017-05-03 00:39:58",7.6,7.58,7.83
"2017-05-03 01:40:01",7.6,7.58,7.83
"2017-05-03 02:40:05",7.6,7.58,7.83
"2017-05-03 03:40:09",7.6,7.58,7.8
"2017-05-03 04:40:12",7.6,7.58,7.8
"2017-05-03 05:40:15",7.6,7.58,7.8
"2017-05-03 06:40:20",7.65,7.6,7.83
"2017-05-03 07:40:23",7.7,7.65,7.8
"2017-05-03 08:40:26",7.7,7.65,7.83
"2017-05-03 09:40:30",7.7,7.65,7.83
"2017-05-03 10:40:33",7.7,7.65,7.83
"2017-05-03 10:52:40",7.7,7.65,7.85
"2017-05-03 10:53:40",7.7,7.65,7.83
"2017-05-03 10:54:46",7.7,7.65,7.83
"2017-05-03 10:55:46",7.7,7.65,7.85
"2017-05-03 10:56:54",7.7,7.65,7.83
"2017-05-03 10:57:55",7.7,7.65,7.83
"2017-05-03 10:58:54",7.7,7.65,7.83
"2017-05-03 10:59:55",7.7,7.65,7.85
"2017-05-03 11:01:40",7.7,7.6,7.83
"2017-05-03 11:02:39",7.7,7.65,7.85
"2017-05-03 11:03:40",7.7,7.65,7.83
"2017-05-03 11:04:54",7.7,7.65,7.83
"2017-05-03 11:07:07",7.65,7.65,7.83
"2017-05-03 11:08:07",7.7,7.65,7.83
"2017-05-03 11:14:02",7.7,7.6,7.85
"2017-05-03 11:15:02",7.7,7.6,7.83
"2017-05-03 11:16:12",7.7,7.65,7.83
"2017-05-03 11:20:49",7.65,7.6,7.83
"2017-05-03 11:21:47",7.65,7.6,7.83
"2017-05-03 11:22:47",7.65,7.6,7.83
"2017-05-03 11:39:50",7.65,7.6,7.8
"2017-05-03 11:40:50",7.65,7.6,7.8
"2017-05-03 11:41:50",7.65,7.6,7.8
"2017-05-03 11:43:17",7.65,7.6,7.8
"2017-05-03 11:44:17",7.65,7.6,7.83
"2017-05-03 11:45:17",7.65,7.6,7.8
"2017-05-03 11:50:37",7.65,7.6,7.83
"2017-05-03 11:51:37",7.65,7.6,7.8
"2017-05-03 11:52:36",7.65,7.6,7.8
"2017-05-03 12:45:31",8.58,7.6,7.8
"2017-05-03 12:52:53",8.58,7.65,7.78
"2017-05-03 12:58:25",7.9,7.65,7.78
"2017-05-03 13:58:29",7.88,7.73,7.78
"2017-05-03 14:58:32",7.88,7.73,7.78
"2017-05-03 15:58:35",7.88,7.73,7.78
"2017-05-03 16:58:39",7.88,7.73,7.78
"2017-05-03 17:58:43",7.88,7.73,7.78
"2017-05-03 18:58:46",7.88,7.78,7.8
"2017-05-03 19:58:50",7.88,7.78,7.78
"2017-05-03 20:58:53",7.88,7.78,7.8
"2017-05-03 21:58:58",7.88,7.78,7.78
"2017-05-03 22:59:00",7.88,7.78,7.75
"2017-05-03 23:59:04",7.88,7.78,7.73
"2017-05-04 00:59:07",7.88,7.78,7.75
"2017-05-04 01:59:11",7.88,7.78,7.78
"2017-05-04 02:59:15",7.83,7.78,7.75
"2017-05-04 03:59:18",7.83,7.78,7.75
"2017-05-04 04:59:21",7.88,7.78,7.73
"2017-05-04 05:59:25",7.88,7.78,7.73
"2017-05-04 06:59:29",7.88,7.78,7.75
"2017-05-04 07:59:32",7.9,7.83,7.75
"2017-05-04 08:59:35",7.9,7.83,7.73
"2017-05-04 09:59:39",7.9,7.83,7.75
"2017-05-04 10:41:50",7.88,7.83,7.78
"2017-05-04 10:42:51",7.88,7.83,7.78
"2017-05-04 11:42:55",7.88,7.78,7.8
"2017-05-04 12:42:58",7.88,7.83,7.75
"2017-05-04 13:43:02",7.88,7.78,7.78
"2017-05-04 14:43:05",7.88,7.78,7.78
"2017-05-04 15:43:08",7.83,7.73,7.8
"2017-05-04 16:43:12",7.9,7.73,7.8
"2017-05-04 17:43:15",7.88,7.65,7.8
"2017-05-04 18:43:19",7.88,7.78,7.8
"2017-05-04 19:43:23",7.88,7.78,7.8
"2017-05-04 20:43:26",7.88,7.78,7.75
"2017-05-04 21:43:30",7.88,7.78,7.75
"2017-05-04 22:43:33",7.88,7.78,7.75
"2017-05-04 23:43:37",7.88,7.78,7.7
"2017-05-05 00:43:42",7.88,7.78,7.75
"2017-05-05 01:43:44",7.88,7.78,7.75
"2017-05-05 02:43:48",7.88,7.78,7.75
"2017-05-05 03:43:51",7.88,7.78,7.73
"2017-05-05 04:43:54",7.9,7.78,7.75
"2017-05-05 05:43:58",7.9,7.83,7.78
"2017-05-05 06:44:02",7.9,7.83,7.8
"2017-05-05 07:44:05",7.9,7.83,7.8
"2017-05-05 08:44:09",7.9,7.83,7.75
"2017-05-05 09:44:12",7.9,7.88,7.68
"2017-05-05 10:44:16",7.95,7.88,7.78
"2017-05-05 11:22:49",7.9,7.88,7.78
"2017-05-05 11:23:54",7.9,7.88,7.8
"2017-05-05 12:23:57",7.9,7.88,7.8
"2017-05-05 13:24:01",7.9,7.83,7.8
"2017-05-05 14:24:04",7.9,7.83,7.75
"2017-05-05 15:24:09",7.9,7.83,7.78
"2017-05-05 16:24:12",7.9,7.83,7.78
"2017-05-05 17:24:15",7.88,7.83,7.78
"2017-05-05 18:24:19",7.88,7.78,7.8
"2017-05-05 19:24:22",7.88,7.83,7.73
"2017-05-05 20:24:26",7.88,7.78,7.78
"2017-05-05 21:24:30",7.88,7.83,7.75
"2017-05-05 22:24:33",7.9,7.83,7.75
"2017-05-05 23:24:36",7.9,7.78,7.73
"2017-05-06 00:24:40",7.9,7.78,7.78
"2017-05-06 01:24:44",7.9,7.83,7.75
"2017-05-06 02:24:48",7.9,7.83,7.73
"2017-05-06 03:24:51",7.9,7.83,7.75
"2017-05-06 04:24:54",7.9,7.83,7.75
"2017-05-06 05:24:58",7.9,7.78,7.75
"2017-05-06 06:25:02",7.9,7.83,7.78
"2017-05-06 07:25:05",7.9,7.78,7.75
"2017-05-06 08:25:09",7.9,7.78,7.8
"2017-05-06 09:25:13",7.9,7.78,7.78
"2017-05-06 10:25:16",7.9,7.78,7.75
"2017-05-06 11:25:19",7.9,7.78,7.75
"2017-05-06 12:25:22",7.9,7.78,7.75
"2017-05-06 13:25:27",7.9,7.78,7.75
"2017-05-06 14:25:30",7.9,7.78,7.75
"2017-05-06 15:25:33",7.9,7.78,7.73
"2017-05-06 16:25:37",7.9,7.78,7.75
"2017-05-06 17:25:40",7.9,7.78,7.73
"2017-05-06 18:25:44",7.9,7.78,7.75
"2017-05-06 19:25:47",7.9,7.78,7.73
"2017-05-06 20:25:51",7.9,7.78,7.75
"2017-05-06 21:25:55",7.9,7.78,7.78
"2017-05-06 22:25:58",7.9,7.78,7.75
"2017-05-06 23:26:01",7.88,7.73,7.73
"2017-05-07 00:26:06",7.9,7.73,7.75
"2017-05-07 01:26:09",7.88,7.73,7.73
"2017-05-07 02:26:12",7.9,7.73,7.73
"2017-05-07 03:26:16",7.9,7.73,7.73
"2017-05-07 04:26:20",7.9,7.73,7.73
"2017-05-07 05:26:23",7.9,7.73,7.73
"2017-05-07 06:26:27",7.9,7.73,7.73
"2017-05-07 07:26:30",7.88,7.73,7.7
"2017-05-07 08:26:34",7.88,7.73,7.73
"2017-05-07 09:26:37",7.9,7.73,7.7
"2017-05-07 10:26:41",7.88,7.73,7.7
"2017-05-07 11:26:44",7.88,7.73,7.73
"2017-05-07 12:26:48",7.88,7.73,7.7
"2017-05-07 13:26:51",7.9,7.73,7.75
"2017-05-07 14:26:55",7.9,7.73,7.73
"2017-05-07 15:26:59",7.9,7.73,7.73
"2017-05-07 16:27:02",7.9,7.73,7.73
"2017-05-07 17:27:05",7.9,7.73,7.75
"2017-05-07 18:27:09",7.9,7.73,7.7
"2017-05-07 19:27:12",7.9,7.73,7.75
"2017-05-07 20:27:16",7.9,7.7,7.78
"2017-05-07 21:27:20",7.9,7.73,7.7
"2017-05-07 22:27:23",7.9,7.7,7.7
"2017-05-07 23:27:27",7.9,7.73,7.63
"2017-05-08 00:27:30",7.9,7.7,7.65
"2017-05-08 01:27:34",7.9,7.7,7.68
"2017-05-08 02:27:37",7.9,7.7,7.6
"2017-05-08 03:27:42",7.88,7.7,7.63
"2017-05-08 04:27:45",7.88,7.7,7.6
"2017-05-08 05:27:49",7.88,7.7,7.63
"2017-05-08 06:27:52",7.9,7.7,7.6
"2017-05-08 07:27:55",7.9,7.7,7.65
"2017-05-08 08:27:59",7.88,7.7,7.58
"2017-05-08 09:28:02",7.9,7.7,7.58
"2017-05-08 10:28:06",7.9,7.7,7.65
"2017-05-08 11:28:10",7.9,7.7,7.75
"2017-05-08 12:28:13",7.9,7.65,7.7
"2017-05-08 13:28:17",7.88,7.7,7.73
"2017-05-08 14:28:21",7.88,7.7,7.68
"2017-05-08 15:28:24",7.88,7.65,7.68
"2017-05-08 16:28:27",7.88,7.65,7.68
"2017-05-08 17:28:31",7.88,7.7,7.68
"2017-05-08 18:28:34",7.88,7.7,7.68
"2017-05-08 19:28:38",7.88,7.65,7.7
"2017-05-08 20:28:42",7.88,7.7,7.7
"2017-05-08 21:28:45",7.88,7.7,7.7
"2017-05-08 22:28:49",7.88,7.7,7.73
"2017-05-08 23:28:52",7.88,7.7,7.73
"2017-05-09 00:28:55",7.88,7.7,7.7
"2017-05-09 01:28:59",7.88,7.65,7.68
"2017-05-09 02:29:03",7.88,7.65,7.65
"2017-05-09 03:29:06",7.88,7.65,7.65
"2017-05-09 04:29:10",7.88,7.65,7.63
"2017-05-09 05:29:13",7.88,7.65,7.65
"2017-05-09 06:29:17",7.88,7.65,7.6
"2017-05-09 07:29:21",7.88,7.65,7.58
"2017-05-09 08:29:24",7.9,7.65,7.68
"2017-05-09 09:29:28",7.9,7.65,7.68
"2017-05-09 10:29:31",7.9,7.7,7.75
"2017-05-09 11:23:07",7.9,7.7,7.65
"2017-05-09 12:23:11",7.88,7.7,7.83
"2017-05-09 13:23:14",7.9,7.83,7.8
"2017-05-09 14:23:18",7.88,7.83,7.78
"2017-05-09 15:23:22",7.9,7.88,7.8
"2017-05-09 16:23:25",7.95,7.83,7.75
"2017-05-09 17:23:29",7.95,7.83,7.78
"2017-05-09 18:23:32",7.9,7.83,7.75
"2017-05-09 19:23:35",7.9,7.78,7.75
"2017-05-09 20:23:40",7.9,7.78,7.75
"2017-05-09 21:23:43",7.9,7.78,7.73
"2017-05-09 22:23:46",7.9,7.78,7.75
"2017-05-09 23:23:50",7.9,7.78,7.73
"2017-05-10 00:23:53",7.9,7.73,7.7
"2017-05-10 01:23:56",7.9,7.73,7.7
"2017-05-10 02:24:00",7.9,7.73,7.68
"2017-05-10 03:24:04",7.9,7.73,7.73
"2017-05-10 04:24:07",7.9,7.78,7.73
"2017-05-10 05:24:12",7.9,7.73,7.73
"2017-05-10 06:24:14",7.9,7.73,7.7
"2017-05-10 07:24:18",7.9,7.73,7.7
"2017-05-10 08:24:21",7.9,7.78,7.7
"2017-05-10 09:24:26",7.95,7.78,7.65
"2017-05-10 10:24:29",7.9,7.78,7.65
"2017-05-10 11:24:33",7.95,7.78,7.68
"2017-05-10 12:24:36",7.95,7.78,7.63
"2017-05-10 13:24:39",7.95,7.78,7.63
"2017-05-10 14:24:43",7.95,7.78,7.68
"2017-05-10 15:24:47",7.95,7.83,7.7
"2017-05-10 16:24:50",7.95,7.78,7.7
"2017-05-10 17:24:54",7.95,7.78,7.7
"2017-05-10 18:24:57",7.95,7.83,7.7
"2017-05-10 19:25:00",7.95,7.83,7.68
"2017-05-10 20:25:04",7.95,7.83,7.65
"2017-05-10 21:25:08",8,7.83,7.68
"2017-05-10 22:25:11",8,7.83,7.68
"2017-05-10 23:25:15",8,7.83,7.65
"2017-05-11 00:25:18",8,7.83,7.7
"2017-05-11 01:25:21",8,7.83,7.7
"2017-05-11 02:25:26",8,7.88,7.7
"2017-05-11 03:25:29",8,7.88,7.7
"2017-05-11 04:25:33",8,7.83,7.7
"2017-05-11 05:25:36",8,7.88,7.7
"2017-05-11 06:25:39",8,7.88,7.73
"2017-05-11 07:25:43",8,7.88,7.73
"2017-05-11 08:25:47",8,7.88,7.7
"2017-05-11 09:25:50",8,7.88,7.7
"2017-05-11 10:25:54",8,7.88,7.7
"2017-05-11 11:25:57",8,7.88,7.7
"2017-05-11 12:26:01",8,7.83,7.5
"2017-05-11 12:37:27",8,7.83,7.8
"2017-05-11 13:37:30",7.95,7.83,7.75
"2017-05-11 14:37:34",7.95,7.83,7.73
"2017-05-11 15:37:37",7.95,7.83,7.75
"2017-05-11 16:37:41",8,7.83,7.73
"2017-05-11 17:37:44",8,7.83,7.73
"2017-05-11 18:37:48",7.95,7.83,7.68
"2017-05-11 19:37:51",7.95,7.83,7.68
"2017-05-11 20:37:56",7.95,7.83,7.7
"2017-05-11 21:37:58",8,7.83,7.65
"2017-05-11 22:38:01",8,7.83,7.73
"2017-05-11 23:38:05",8,7.83,7.73
"2017-05-12 00:38:09",8,7.83,7.73
"2017-05-12 01:38:12",8,7.83,7.7
"2017-05-12 02:38:16",8,7.83,7.73
"2017-05-12 03:38:19",8,7.83,7.73
"2017-05-12 04:38:24",8,7.83,7.73
"2017-05-12 05:38:26",8,7.83,7.78
"2017-05-12 06:38:31",8,7.83,7.73
"2017-05-12 07:38:34",8,7.88,7.73
"2017-05-12 08:38:37",8,7.83,7.73
"2017-05-12 09:38:41",8,7.88,7.73
"2017-05-12 10:38:44",8,7.83,7.78
"2017-05-12 11:38:49",8,7.83,7.8
"2017-05-12 12:38:52",8,7.83,7.75
"2017-05-12 13:38:56",7.95,7.83,7.78
"2017-05-12 14:38:59",7.95,7.83,7.75
"2017-05-12 15:39:02",8,7.83,7.78
"2017-05-12 16:39:05",7.95,7.83,7.75
"2017-05-12 17:39:10",8,7.83,7.75
"2017-05-12 18:39:13",8,7.83,7.78
"2017-05-12 19:39:17",8,7.83,7.75
"2017-05-12 20:39:20",8,7.83,7.78
"2017-05-12 21:39:23",8,7.88,7.75
"2017-05-12 22:39:27",8,7.83,7.78
"2017-05-12 23:39:30",8,7.88,7.75
"2017-05-13 00:39:34",8,7.88,7.8
"2017-05-13 01:39:37",8,7.88,7.75
"2017-05-13 02:39:41",8,7.88,7.7
"2017-05-13 03:39:45",8,7.83,7.73
"2017-05-13 04:39:48",8,7.83,7.73
"2017-05-13 05:39:52",8,7.83,7.7
"2017-05-13 06:39:55",8,7.83,7.68
"2017-05-13 07:39:58",8,7.83,7.68
"2017-05-13 08:40:03",8,7.83,7.68
"2017-05-13 09:40:06",8,7.78,7.65
"2017-05-13 10:18:15",8.05,7.78,7.68
"2017-05-13 10:19:14",8,7.78,7.68
"2017-05-13 11:19:17",8,7.83,7.68
"2017-05-13 12:19:22",8.05,7.78,7.65
"2017-05-13 13:19:26",8.05,7.83,7.68
"2017-05-13 14:19:29",8.05,7.83,7.65
"2017-05-13 15:19:33",8.05,7.83,7.68
"2017-05-13 16:18:46",8,7.83,7.73
"2017-05-13 16:19:54",8,7.83,7.73
"2017-05-13 17:19:58",8,7.83,7.78
"2017-05-13 18:20:01",8,7.83,7.8
"2017-05-13 19:20:04",8,7.83,7.78
"2017-05-13 20:20:08",8,7.88,7.8
"2017-05-13 21:20:11",8,7.88,7.83
"2017-05-13 22:20:15",8,7.88,7.8
"2017-05-13 23:20:19",8,7.83,7.8
"2017-05-14 00:20:22",8,7.88,7.78
"2017-05-14 01:20:25",8,7.83,7.8
"2017-05-14 02:20:30",8,7.88,7.8
"2017-05-14 03:20:33",8,7.83,7.83
"2017-05-14 04:20:37",8,7.88,7.8
"2017-05-14 05:20:40",8,7.88,7.75
"2017-05-14 06:20:44",8,7.88,7.8
"2017-05-14 07:20:47",8,7.88,7.83
"2017-05-14 08:20:51",8,7.88,7.8
"2017-05-14 09:20:54",8,7.88,7.83
"2017-05-14 10:20:57",8,7.88,7.83
"2017-05-14 11:21:00",8,7.88,7.8
"2017-05-14 12:21:05",8,7.88,7.83
"2017-05-14 13:21:09",8,7.88,7.8
"2017-05-14 14:21:11",8,7.88,7.83
"2017-05-14 15:21:16",8,7.88,7.78
"2017-05-14 16:21:19",8.05,7.88,7.85
"2017-05-14 17:21:22",8,7.88,7.85
"2017-05-14 18:21:26",8,7.88,7.85
"2017-05-14 19:21:30",8,7.88,7.85
"2017-05-14 20:21:33",8,7.88,7.85
"2017-05-14 21:21:37",8,7.83,7.8
"2017-05-14 22:21:40",8,7.83,7.8
"2017-05-14 23:21:43",8,7.83,7.83
"2017-05-15 00:21:47",8,7.83,7.83
"2017-05-15 01:21:50",8,7.83,7.83
"2017-05-15 02:21:55",8,7.83,7.83
"2017-05-15 03:21:57",8,7.83,7.83
"2017-05-15 04:22:01",8,7.83,7.8
"2017-05-15 05:22:05",8,7.83,7.83
"2017-05-15 06:22:08",8,7.83,7.83
"2017-05-15 07:22:12",8,7.83,7.83
"2017-05-15 08:22:15",8,7.83,7.83
"2017-05-15 09:22:19",8,7.83,7.83
"2017-05-15 09:30:16",7.73,7.58,7.68
"2017-05-15 10:30:19",8,7.88,7.8
"2017-05-15 11:30:22",8,7.88,7.83
"2017-05-15 12:30:26",8,7.88,7.83
"2017-05-15 13:30:31",8,7.88,7.85
"2017-05-15 14:30:34",8,7.88,7.85
"2017-05-15 15:30:37",8,7.88,7.83
"2017-05-15 16:30:40",8,7.88,7.85
"2017-05-15 17:30:44",8,7.88,7.85
"2017-05-15 18:30:47",8,7.88,7.85
"2017-05-15 19:30:51",8,7.88,7.85
"2017-05-15 20:30:55",8,7.83,7.83
"2017-05-15 21:30:58",7.95,7.83,7.83
"2017-05-15 22:31:02",7.95,7.83,7.83
"2017-05-15 23:31:05",7.95,7.83,7.83
"2017-05-16 00:31:09",7.95,7.83,7.83
"2017-05-16 01:31:12",7.95,7.83,7.83
"2017-05-16 02:31:16",7.95,7.88,7.8
"2017-05-16 03:31:19",7.95,7.88,7.8
"2017-05-16 04:31:22",7.95,7.83,7.83
"2017-05-16 05:31:27",7.95,7.88,7.8
"2017-05-16 06:31:30",7.95,7.83,7.83
"2017-05-16 07:31:34",7.95,7.83,7.83
"2017-05-16 08:31:37",7.95,7.88,7.83
"2017-05-16 09:31:40",7.95,7.88,7.83
"2017-05-16 10:07:46",7.95,7.88,7.8
"2017-05-16 11:07:50",8,7.9,7.85
"2017-05-16 12:07:53",8,7.9,7.83
"2017-05-16 13:07:56",7.95,7.88,7.88
