Time Point,Cold.temp,Ambient.temp,
12/21/2016 13:30,8.145,11.394,
12/21/2016 14:00,8.145,11.443,
12/21/2016 14:30,8.195,11.516,
12/21/2016 15:00,8.22,11.589,
12/21/2016 15:30,7.494,11.613,
12/21/2016 16:00,6.99,11.662,
12/21/2016 16:30,7.015,11.686,
12/21/2016 17:00,7.091,11.662,
12/21/2016 17:30,7.167,11.637,
12/21/2016 18:00,7.242,11.54,
12/21/2016 18:30,7.268,11.443,
12/21/2016 19:00,7.293,11.346,
12/21/2016 19:30,7.293,11.248,
12/21/2016 20:00,7.293,11.175,
12/21/2016 20:30,7.318,11.102,
12/21/2016 21:00,7.293,11.029,
12/21/2016 21:30,7.268,10.956,
12/21/2016 22:00,7.217,10.907,
12/21/2016 22:30,7.217,10.858,
12/21/2016 23:00,7.142,10.834,
12/21/2016 23:30,7.116,10.81,
12/22/2016 00:00,7.116,10.785,
12/22/2016 00:30,7.041,10.785,
12/22/2016 01:00,6.965,10.81,
12/22/2016 01:30,7.015,10.834,
12/22/2016 02:00,7.041,10.858,
12/22/2016 02:30,7.091,10.883,
12/22/2016 03:00,7.116,10.907,
12/22/2016 03:30,7.192,10.907,
12/22/2016 04:00,7.242,10.907,
12/22/2016 04:30,7.242,10.932,
12/22/2016 05:00,7.293,10.932,
12/22/2016 05:30,7.293,10.932,
12/22/2016 06:00,7.242,10.932,
12/22/2016 06:30,7.268,10.956,
12/22/2016 07:00,7.242,10.956,
12/22/2016 07:30,7.192,10.956,
12/22/2016 08:00,7.142,10.932,
12/22/2016 08:30,7.116,10.907,
12/22/2016 09:00,7.091,10.907,
12/22/2016 09:30,7.066,10.956,
12/22/2016 10:00,6.99,11.029,
12/22/2016 10:30,6.965,11.102,
12/22/2016 11:00,6.382,11.151,
12/22/2016 11:30,6,11.224,
12/22/2016 12:00,6.23,11.297,
12/22/2016 12:30,6.204,11.37,
12/22/2016 13:00,6.051,11.419,
12/22/2016 13:30,6.306,11.492,
12/22/2016 14:00,5.975,11.54,
12/22/2016 14:30,6.23,11.589,
12/22/2016 15:00,5.924,11.637,
12/22/2016 15:30,6.179,11.662,
12/22/2016 16:00,5.975,11.662,
12/22/2016 16:30,6.077,11.613,
12/22/2016 17:00,6.306,11.589,
12/22/2016 17:30,5.898,11.589,
12/22/2016 18:00,6.128,11.589,
12/22/2016 18:30,6.281,11.565,
12/22/2016 19:00,6.051,11.492,
12/22/2016 19:30,5.975,11.394,
12/22/2016 20:00,6.153,11.273,
12/22/2016 20:30,6.281,11.2,
12/22/2016 21:00,6.102,11.127,
12/22/2016 21:30,5.949,11.078,
12/22/2016 22:00,6.128,11.005,
12/22/2016 22:30,6.255,10.956,
12/22/2016 23:00,6.204,10.907,
12/22/2016 23:30,5.924,10.883,
12/23/2016 00:00,6.077,10.858,
12/23/2016 00:30,6.23,10.834,
12/23/2016 01:00,6.23,10.834,
12/23/2016 01:30,6,10.81,
12/23/2016 02:00,5.975,10.834,
12/23/2016 02:30,6.179,10.858,
12/23/2016 03:00,6.306,10.883,
12/23/2016 03:30,5.975,10.907,
12/23/2016 04:00,5.975,10.907,
12/23/2016 04:30,6.128,10.932,
12/23/2016 05:00,6.281,10.932,
12/23/2016 05:30,6.153,10.932,
12/23/2016 06:00,5.924,10.956,
12/23/2016 06:30,6.077,10.956,
12/23/2016 07:00,6.23,10.956,
12/23/2016 07:30,6.204,10.956,
12/23/2016 08:00,5.975,10.956,
12/23/2016 08:30,6.051,10.956,
12/23/2016 09:00,6.23,10.956,
12/23/2016 09:30,6.128,10.956,
12/23/2016 10:00,5.924,10.98,
12/23/2016 10:30,6.179,11.005,
12/23/2016 11:00,6.102,11.053,
12/23/2016 11:30,6.051,11.102,
12/23/2016 12:00,6.281,11.151,
12/23/2016 12:30,6.026,11.2,
12/23/2016 13:00,6.051,11.248,
12/23/2016 13:30,6.281,11.297,
12/23/2016 14:00,5.975,11.37,
12/23/2016 14:30,6.255,11.443,
12/23/2016 15:00,6.026,11.492,
12/23/2016 15:30,6.306,11.516,
12/23/2016 16:00,5.924,11.54,
12/23/2016 16:30,6.128,11.565,
12/23/2016 17:00,6.331,11.54,
12/23/2016 17:30,5.924,11.54,
12/23/2016 18:00,6.102,11.492,
12/23/2016 18:30,6.255,11.467,
12/23/2016 19:00,6.255,11.419,
12/23/2016 19:30,5.975,11.346,
12/23/2016 20:00,6.077,11.248,
12/23/2016 20:30,6.23,11.175,
12/23/2016 21:00,6.281,11.102,
12/23/2016 21:30,5.924,11.029,
12/23/2016 22:00,6.051,10.956,
12/23/2016 22:30,6.204,10.907,
12/23/2016 23:00,6.331,10.858,
12/23/2016 23:30,6.179,10.81,
12/24/2016 00:00,5.975,10.785,
12/24/2016 00:30,6.077,10.761,
12/24/2016 01:00,6.255,10.761,
12/24/2016 01:30,6.128,10.81,
12/24/2016 02:00,5.949,10.81,
12/24/2016 02:30,6.128,10.834,
12/24/2016 03:00,6.306,10.858,
12/24/2016 03:30,6.128,10.883,
12/24/2016 04:00,6,10.883,
12/24/2016 04:30,6.179,10.932,
12/24/2016 05:00,6.331,10.956,
12/24/2016 05:30,6.102,10.98,
12/24/2016 06:00,6.026,10.956,
12/24/2016 06:30,6.204,10.98,
12/24/2016 07:00,6.331,10.98,
12/24/2016 07:30,6.077,10.98,
12/24/2016 08:00,6,11.005,
12/24/2016 08:30,6.23,11.005,
12/24/2016 09:00,6.255,11.005,
12/24/2016 09:30,5.975,11.005,
12/24/2016 10:00,6.153,11.005,
12/24/2016 10:30,6.281,11.029,
12/24/2016 11:00,6.153,11.078,
12/24/2016 11:30,5.975,11.078,
12/24/2016 12:00,6.179,11.102,
12/24/2016 12:30,6.306,11.102,
12/24/2016 13:00,6.102,11.127,
12/24/2016 13:30,6,11.127,
12/24/2016 14:00,6.179,11.151,
12/24/2016 14:30,6.306,11.175,
12/24/2016 15:00,6.077,11.2,
12/24/2016 15:30,6.026,11.175,
12/24/2016 16:00,6.23,11.175,
12/24/2016 16:30,6.331,11.175,
12/24/2016 17:00,5.975,11.151,
12/24/2016 17:30,6.077,11.151,
12/24/2016 18:00,6.23,11.151,
12/24/2016 18:30,6.306,11.151,
12/24/2016 19:00,6.128,11.102,
12/24/2016 19:30,5.975,11.053,
12/24/2016 20:00,6.128,11.029,
12/24/2016 20:30,6.255,10.956,
12/24/2016 21:00,6.281,10.883,
12/24/2016 21:30,6.077,10.81,
12/24/2016 22:00,5.975,10.736,
12/24/2016 22:30,6.128,10.712,
12/24/2016 23:00,6.281,10.663,
12/24/2016 23:30,6.179,10.614,
12/25/2016 00:00,5.975,10.59,
12/25/2016 00:30,6.102,10.565,
12/25/2016 01:00,6.281,10.516,
12/25/2016 01:30,6.255,10.541,
12/25/2016 02:00,6.026,10.565,
12/25/2016 02:30,6.051,10.614,
12/25/2016 03:00,6.255,10.687,
12/25/2016 03:30,6.281,10.761,
12/25/2016 04:00,5.924,10.81,
12/25/2016 04:30,6.128,10.858,
12/25/2016 05:00,6.306,10.883,
12/25/2016 05:30,6.026,10.907,
12/25/2016 06:00,6.026,10.932,
12/25/2016 06:30,6.204,10.956,
12/25/2016 07:00,6.331,10.956,
12/25/2016 07:30,5.975,10.98,
12/25/2016 08:00,6.051,10.98,
12/25/2016 08:30,6.23,10.98,
12/25/2016 09:00,6.255,11.005,
12/25/2016 09:30,5.949,11.005,
12/25/2016 10:00,6.102,11.005,
12/25/2016 10:30,6.23,11.005,
12/25/2016 11:00,6.281,11.005,
12/25/2016 11:30,6.026,11.029,
12/25/2016 12:00,6,11.053,
12/25/2016 12:30,6.179,11.053,
12/25/2016 13:00,6.331,11.053,
12/25/2016 13:30,5.949,11.078,
12/25/2016 14:00,6.102,11.102,
12/25/2016 14:30,6.23,11.127,
12/25/2016 15:00,6.281,11.127,
12/25/2016 15:30,5.975,11.127,
12/25/2016 16:00,6.026,11.102,
12/25/2016 16:30,6.204,11.102,
12/25/2016 17:00,6.331,11.078,
12/25/2016 17:30,6.051,11.078,
12/25/2016 18:00,6.026,11.078,
12/25/2016 18:30,6.179,11.053,
12/25/2016 19:00,6.331,11.029,
12/25/2016 19:30,6.077,11.005,
12/25/2016 20:00,5.975,10.98,
12/25/2016 20:30,6.153,10.956,
12/25/2016 21:00,6.281,10.883,
12/25/2016 21:30,6.255,10.81,
12/25/2016 22:00,6.051,10.736,
12/25/2016 22:30,6.026,10.687,
12/25/2016 23:00,6.204,10.614,
12/25/2016 23:30,6.281,10.565,
12/26/2016 00:00,6.102,10.516,
12/26/2016 00:30,5.924,10.492,
12/26/2016 01:00,6.102,10.467,
12/26/2016 01:30,6.255,10.467,
12/26/2016 02:00,6.23,10.492,
12/26/2016 02:30,6.051,10.516,
12/26/2016 03:00,5.975,10.541,
12/26/2016 03:30,6.102,10.565,
12/26/2016 04:00,6.255,10.59,
12/26/2016 04:30,6.306,10.614,
12/26/2016 05:00,6.077,10.638,
12/26/2016 05:30,5.975,10.663,
12/26/2016 06:00,6.128,10.712,
12/26/2016 06:30,6.255,10.736,
12/26/2016 07:00,6.255,10.761,
12/26/2016 07:30,5.975,10.785,
12/26/2016 08:00,6.026,10.785,
12/26/2016 08:30,6.179,10.81,
12/26/2016 09:00,6.306,10.81,
12/26/2016 09:30,6.026,10.834,
12/26/2016 10:00,6.026,10.883,
12/26/2016 10:30,6.204,10.932,
12/26/2016 11:00,6.281,10.98,
12/26/2016 11:30,5.975,11.053,
12/26/2016 12:00,6.204,11.151,
12/26/2016 12:30,6.23,11.248,
12/26/2016 13:00,6.026,11.321,
12/26/2016 13:30,6.255,11.394,
12/26/2016 14:00,5.924,11.443,
12/26/2016 14:30,6.179,11.492,
12/26/2016 15:00,5.924,11.565,
12/26/2016 15:30,6.153,11.613,
12/26/2016 16:00,6.102,11.686,
12/26/2016 16:30,6.128,11.759,
12/26/2016 17:00,6.23,11.783,
12/26/2016 17:30,6,11.759,
12/26/2016 18:00,6.179,11.734,
12/26/2016 18:30,6.306,11.71,
12/26/2016 19:00,5.949,11.662,
12/26/2016 19:30,6.153,11.613,
12/26/2016 20:00,6.331,11.589,
12/26/2016 20:30,6.026,11.54,
12/26/2016 21:00,6.051,11.492,
12/26/2016 21:30,6.23,11.443,
12/26/2016 22:00,6.255,11.37,
12/26/2016 22:30,6.179,11.297,
12/26/2016 23:00,6.026,11.2,
12/26/2016 23:30,6,11.102,
12/27/2016 00:00,6.153,11.053,
12/27/2016 00:30,6.255,11.005,
12/27/2016 01:00,6.331,10.956,
12/27/2016 01:30,6.077,10.932,
12/27/2016 02:00,5.949,10.907,
12/27/2016 02:30,6.102,10.907,
12/27/2016 03:00,6.23,10.932,
12/27/2016 03:30,6.331,10.956,
12/27/2016 04:00,6.128,10.98,
12/27/2016 04:30,5.975,11.053,
12/27/2016 05:00,6.128,11.078,
12/27/2016 05:30,6.281,11.102,
12/27/2016 06:00,6.153,11.127,
12/27/2016 06:30,6.026,11.151,
12/27/2016 07:00,6.179,11.127,
12/27/2016 07:30,6.306,11.127,
12/27/2016 08:00,6.128,11.127,
12/27/2016 08:30,5.975,11.127,
12/27/2016 09:00,6.102,11.127,
12/27/2016 09:30,6.23,11.127,
12/27/2016 10:00,6.306,11.127,
12/27/2016 10:30,6,11.151,
12/27/2016 11:00,6.026,11.151,
12/27/2016 11:30,6.23,11.175,
12/27/2016 12:00,6.204,11.2,
12/27/2016 12:30,5.949,11.2,
12/27/2016 13:00,6.433,10.712,
12/27/2016 13:30,6.535,10.663,
12/27/2016 14:00,6.661,10.761,
12/27/2016 14:30,6.763,10.81,
12/27/2016 15:00,6.687,10.834,
12/27/2016 15:30,6.255,10.883,
12/27/2016 16:00,5.949,10.932,
12/27/2016 16:30,6.128,10.956,
12/27/2016 17:00,6.026,11.005,
12/27/2016 17:30,5.975,11.005,
12/27/2016 18:00,6.179,11.005,
12/27/2016 18:30,5.872,11.005,
12/27/2016 19:00,6.026,11.005,
12/27/2016 19:30,6.102,11.005,
12/27/2016 20:00,5.847,11.005,
12/27/2016 20:30,6.026,11.005,
12/27/2016 21:00,6.179,11.005,
12/27/2016 21:30,6.026,11.005,
12/27/2016 22:00,5.847,10.956,
12/27/2016 22:30,6.026,10.932,
12/27/2016 23:00,6.179,10.858,
12/27/2016 23:30,5.847,10.81,
12/28/2016 00:00,6.051,10.785,
12/28/2016 00:30,6.179,10.761,
12/28/2016 01:00,5.975,10.712,
12/28/2016 01:30,5.898,10.687,
12/28/2016 02:00,6.051,10.663,
12/28/2016 02:30,6.204,10.712,
12/28/2016 03:00,5.847,10.712,
12/28/2016 03:30,6.051,10.736,
12/28/2016 04:00,6.179,10.761,
12/28/2016 04:30,5.847,10.785,
12/28/2016 05:00,6.026,10.81,
12/28/2016 05:30,6.179,10.81,
12/28/2016 06:00,5.975,10.834,
12/28/2016 06:30,5.949,10.883,
12/28/2016 07:00,6.102,10.883,
12/28/2016 07:30,6.179,10.907,
12/28/2016 08:00,5.924,10.907,
12/28/2016 08:30,6,10.932,
12/28/2016 09:00,6.179,10.956,
12/28/2016 09:30,5.847,10.956,
12/28/2016 10:00,5.975,11.005,
12/28/2016 10:30,6.102,11.029,
12/28/2016 11:00,6.026,11.078,
12/28/2016 11:30,5.949,11.151,
12/28/2016 12:00,6.179,11.2,
12/28/2016 12:30,5.975,11.248,
12/28/2016 13:00,5.975,11.297,
12/28/2016 13:30,6.204,11.346,
12/28/2016 14:00,5.872,11.394,
12/28/2016 14:30,6.077,11.443,
12/28/2016 15:00,5.975,11.467,
12/28/2016 15:30,5.975,11.443,
12/28/2016 16:00,6.179,11.443,
12/28/2016 16:30,5.872,11.419,
12/28/2016 17:00,5.975,11.394,
12/28/2016 17:30,6.179,11.394,
12/28/2016 18:00,5.949,11.346,
12/28/2016 18:30,5.949,11.321,
12/28/2016 19:00,6.128,11.297,
12/28/2016 19:30,5.924,11.273,
12/28/2016 20:00,5.924,11.2,
12/28/2016 20:30,6.077,11.175,
12/28/2016 21:00,6.179,11.151,
12/28/2016 21:30,5.847,11.127,
12/28/2016 22:00,6,11.102,
12/28/2016 22:30,6.128,11.078,
12/28/2016 23:00,6.026,11.078,
12/28/2016 23:30,5.847,11.053,
12/29/2016 00:00,6,11.005,
12/29/2016 00:30,6.102,10.956,
12/29/2016 01:00,6.102,10.907,
12/29/2016 01:30,5.924,10.834,
12/29/2016 02:00,5.872,10.81,
12/29/2016 02:30,6.026,10.761,
12/29/2016 03:00,6.153,10.736,
12/29/2016 03:30,5.898,10.761,
12/29/2016 04:00,5.924,10.761,
12/29/2016 04:30,6.051,10.785,
12/29/2016 05:00,6.179,10.81,
12/29/2016 05:30,5.975,10.834,
12/29/2016 06:00,5.847,10.858,
12/29/2016 06:30,6.026,10.858,
12/29/2016 07:00,6.179,10.883,
12/29/2016 07:30,5.949,10.883,
12/29/2016 08:00,5.924,10.883,
12/29/2016 08:30,6.077,10.907,
12/29/2016 09:00,6.051,10.907,
12/29/2016 09:30,5.847,10.907,
12/29/2016 10:00,5.949,10.932,
12/29/2016 10:30,6.077,10.932,
12/29/2016 11:00,6.179,10.932,
12/29/2016 11:30,6.051,10.907,
12/29/2016 12:00,5.821,10.883,
12/29/2016 12:30,5.975,10.858,
12/29/2016 13:00,6.102,10.858,
12/29/2016 13:30,6.179,10.858,
12/29/2016 14:00,5.975,10.858,
12/29/2016 14:30,5.847,10.858,
12/29/2016 15:00,5.975,10.858,
12/29/2016 15:30,6.128,10.883,
12/29/2016 16:00,6.128,10.907,
12/29/2016 16:30,5.898,10.907,
12/29/2016 17:00,5.898,10.883,
12/29/2016 17:30,6.026,10.907,
12/29/2016 18:00,6.128,10.907,
12/29/2016 18:30,6.153,10.932,
12/29/2016 19:00,5.821,10.932,
12/29/2016 19:30,6,10.932,
12/29/2016 20:00,6.153,10.932,
12/29/2016 20:30,6.179,10.932,
12/29/2016 21:00,5.924,10.956,
12/29/2016 21:30,5.898,10.932,
12/29/2016 22:00,6,10.932,
12/29/2016 22:30,6.077,10.907,
12/29/2016 23:00,6.179,10.907,
12/29/2016 23:30,5.949,10.883,
12/30/2016 00:00,5.898,10.858,
12/30/2016 00:30,6.051,10.834,
12/30/2016 01:00,6.179,10.81,
12/30/2016 01:30,5.975,10.785,
12/30/2016 02:00,5.872,10.761,
12/30/2016 02:30,6.026,10.736,
12/30/2016 03:00,6.153,10.712,
12/30/2016 03:30,5.975,10.687,
12/30/2016 04:00,5.847,10.712,
12/30/2016 04:30,6.026,10.712,
12/30/2016 05:00,6.179,10.736,
12/30/2016 05:30,5.975,10.736,
12/30/2016 06:00,5.898,10.736,
12/30/2016 06:30,6.051,10.761,
12/30/2016 07:00,6.179,10.761,
12/30/2016 07:30,5.949,10.785,
12/30/2016 08:00,5.924,10.785,
12/30/2016 08:30,6.077,10.785,
12/30/2016 09:00,6.179,10.81,
12/30/2016 09:30,5.872,10.81,
12/30/2016 10:00,5.949,10.81,
12/30/2016 10:30,6.077,10.834,
12/30/2016 11:00,6.179,10.883,
12/30/2016 11:30,5.872,10.932,
12/30/2016 12:00,5.975,10.98,
12/30/2016 12:30,6.102,11.029,
12/30/2016 13:00,6.23,11.102,
12/30/2016 13:30,6.077,11.175,
12/30/2016 14:00,5.847,11.224,
12/30/2016 14:30,6,11.297,
12/30/2016 15:00,6.128,11.321,
12/30/2016 15:30,6.204,11.321,
12/30/2016 16:00,6.026,11.297,
12/30/2016 16:30,5.847,11.273,
12/30/2016 17:00,5.975,11.224,
12/30/2016 17:30,6.102,11.2,
12/30/2016 18:00,6.179,11.151,
12/30/2016 18:30,6.23,11.102,
12/30/2016 19:00,6.077,11.053,
12/30/2016 19:30,5.949,11.029,
12/30/2016 20:00,5.847,10.98,
12/30/2016 20:30,5.949,10.956,
12/30/2016 21:00,6.026,10.907,
12/30/2016 21:30,6.128,10.858,
12/30/2016 22:00,6.23,10.81,
12/30/2016 22:30,6.128,10.81,
12/30/2016 23:00,6.026,10.761,
12/30/2016 23:30,5.872,10.712,
12/31/2016 00:00,5.924,10.687,
12/31/2016 00:30,6.051,10.638,
12/31/2016 01:00,6.153,10.59,
12/31/2016 01:30,6.23,10.565,
12/31/2016 02:00,6.077,10.541,
12/31/2016 02:30,6,10.516,
12/31/2016 03:00,5.872,10.492,
12/31/2016 03:30,5.924,10.492,
12/31/2016 04:00,6.051,10.467,
12/31/2016 04:30,6.153,10.467,
12/31/2016 05:00,6.23,10.467,
12/31/2016 05:30,6.077,10.492,
12/31/2016 06:00,5.975,10.516,
12/31/2016 06:30,5.898,10.516,
12/31/2016 07:00,5.898,10.541,
12/31/2016 07:30,6.026,10.565,
12/31/2016 08:00,6.153,10.565,
12/31/2016 08:30,6.23,10.59,
12/31/2016 09:00,6.102,10.614,
12/31/2016 09:30,6,10.614,
12/31/2016 10:00,5.872,10.638,
12/31/2016 10:30,5.975,10.663,
12/31/2016 11:00,6.128,10.663,
12/31/2016 11:30,6.23,10.687,
12/31/2016 12:00,6.102,10.712,
12/31/2016 12:30,5.949,10.712,
12/31/2016 13:00,5.872,10.712,
12/31/2016 13:30,5.949,10.712,
12/31/2016 14:00,6.077,10.687,
12/31/2016 14:30,6.153,10.687,
12/31/2016 15:00,6.23,10.663,
12/31/2016 15:30,6.128,10.663,
12/31/2016 16:00,5.975,10.638,
12/31/2016 16:30,5.872,10.638,
12/31/2016 17:00,5.949,10.614,
12/31/2016 17:30,6.051,10.614,
12/31/2016 18:00,6.128,10.614,
12/31/2016 18:30,6.204,10.614,
12/31/2016 19:00,6.204,10.59,
12/31/2016 19:30,6.051,10.614,
12/31/2016 20:00,5.949,10.614,
12/31/2016 20:30,5.924,10.614,
12/31/2016 21:00,6.026,10.614,
12/31/2016 21:30,6.153,10.614,
12/31/2016 22:00,6.23,10.614,
12/31/2016 22:30,6.179,10.614,
12/31/2016 23:00,6,10.614,
12/31/2016 23:30,5.924,10.59,
01/01/2017 00:00,5.872,10.59,
01/01/2017 00:30,6.026,10.541,
01/01/2017 01:00,6.128,10.492,
01/01/2017 01:30,6.23,10.467,
01/01/2017 02:00,6.077,10.418,
01/01/2017 02:30,5.949,10.369,
01/01/2017 03:00,5.872,10.369,
01/01/2017 03:30,5.975,10.345,
01/01/2017 04:00,6.077,10.296,
01/01/2017 04:30,6.179,10.271,
01/01/2017 05:00,6.23,10.271,
01/01/2017 05:30,6.077,10.296,
01/01/2017 06:00,5.949,10.32,
01/01/2017 06:30,5.924,10.345,
01/01/2017 07:00,6.026,10.345,
01/01/2017 07:30,6.153,10.369,
01/01/2017 08:00,6.23,10.418,
01/01/2017 08:30,6.179,10.394,
01/01/2017 09:00,6.102,10.418,
01/01/2017 09:30,5.949,10.443,
01/01/2017 10:00,5.898,10.443,
01/01/2017 10:30,6.077,10.443,
01/01/2017 11:00,6.153,10.443,
01/01/2017 11:30,6.204,10.467,
01/01/2017 12:00,6.102,10.492,
01/01/2017 12:30,5.949,10.492,
01/01/2017 13:00,5.872,10.492,
01/01/2017 13:30,5.975,10.467,
01/01/2017 14:00,6.077,10.492,
01/01/2017 14:30,6.153,10.467,
01/01/2017 15:00,6.23,10.443,
01/01/2017 15:30,6.077,10.443,
01/01/2017 16:00,5.949,10.418,
01/01/2017 16:30,5.872,10.394,
01/01/2017 17:00,5.975,10.369,
01/01/2017 17:30,6.102,10.32,
01/01/2017 18:00,6.179,10.32,
01/01/2017 18:30,6.23,10.32,
01/01/2017 19:00,6.179,10.296,
01/01/2017 19:30,6.026,10.271,
01/01/2017 20:00,5.924,10.271,
01/01/2017 20:30,5.924,10.247,
01/01/2017 21:00,6,10.247,
01/01/2017 21:30,6.128,10.247,
01/01/2017 22:00,6.23,10.247,
01/01/2017 22:30,6.204,10.222,
01/01/2017 23:00,6.051,10.222,
01/01/2017 23:30,5.924,10.222,
01/02/2017 00:00,5.872,10.198,
01/02/2017 00:30,6.051,10.149,
01/02/2017 01:00,6.153,10.149,
01/02/2017 01:30,6.204,10.124,
01/02/2017 02:00,6.077,10.1,
01/02/2017 02:30,5.924,10.075,
01/02/2017 03:00,5.872,10.051,
01/02/2017 03:30,6,10.026,
01/02/2017 04:00,6.128,10.026,
01/02/2017 04:30,6.23,10.001,
01/02/2017 05:00,6.179,9.977,
01/02/2017 05:30,6.026,10.001,
01/02/2017 06:00,5.949,10.026,
01/02/2017 06:30,5.898,10.026,
01/02/2017 07:00,5.975,10.051,
01/02/2017 07:30,6.077,10.075,
01/02/2017 08:00,6.179,10.1,
01/02/2017 08:30,6.23,10.1,
01/02/2017 09:00,6.102,10.124,
01/02/2017 09:30,6.026,10.124,
01/02/2017 10:00,5.872,10.149,
01/02/2017 10:30,5.975,10.222,
01/02/2017 11:00,6.102,10.247,
01/02/2017 11:30,6.204,10.271,
01/02/2017 12:00,6.153,10.32,
01/02/2017 12:30,6.026,10.345,
01/02/2017 13:00,5.898,10.418,
01/02/2017 13:30,5.898,10.467,
01/02/2017 14:00,5.975,10.541,
01/02/2017 14:30,6.077,10.59,
01/02/2017 15:00,6.179,10.638,
01/02/2017 15:30,6.23,10.663,
01/02/2017 16:00,6.077,10.663,
01/02/2017 16:30,5.924,10.663,
01/02/2017 17:00,5.872,10.614,
01/02/2017 17:30,5.924,10.565,
01/02/2017 18:00,6.026,10.516,
01/02/2017 18:30,6.128,10.467,
01/02/2017 19:00,6.23,10.418,
01/02/2017 19:30,6.102,10.369,
01/02/2017 20:00,5.975,10.32,
01/02/2017 20:30,5.924,10.296,
01/02/2017 21:00,5.872,10.271,
01/02/2017 21:30,6.026,10.222,
01/02/2017 22:00,6.128,10.173,
01/02/2017 22:30,6.204,10.173,
01/02/2017 23:00,6.153,10.149,
01/02/2017 23:30,6.077,10.124,
01/03/2017 00:00,5.949,10.075,
01/03/2017 00:30,5.898,10.051,
01/03/2017 01:00,6.026,10.026,
01/03/2017 01:30,6.128,10.001,
01/03/2017 02:00,6.23,9.977,
01/03/2017 02:30,6.128,9.952,
01/03/2017 03:00,6,9.952,
01/03/2017 03:30,5.898,9.928,
01/03/2017 04:00,5.872,9.903,
01/03/2017 04:30,6.026,9.903,
01/03/2017 05:00,6.153,9.879,
01/03/2017 05:30,6.23,9.854,
01/03/2017 06:00,6.128,9.879,
01/03/2017 06:30,5.975,9.879,
01/03/2017 07:00,5.872,9.903,
01/03/2017 07:30,5.924,9.928,
01/03/2017 08:00,6.026,9.977,
01/03/2017 08:30,6.128,9.977,
01/03/2017 09:00,6.23,10.001,
01/03/2017 09:30,6.128,10.026,
01/03/2017 10:00,5.975,10.051,
01/03/2017 10:30,5.898,10.124,
01/03/2017 11:00,6,10.173,
01/03/2017 11:30,6.128,10.222,
01/03/2017 12:00,6.23,10.247,
01/03/2017 12:30,6.128,10.296,
01/03/2017 13:00,6.026,10.32,
01/03/2017 13:30,5.924,10.32,
01/03/2017 14:00,5.872,10.345,
01/03/2017 14:30,6.026,10.32,
01/03/2017 15:00,6.153,10.32,
01/03/2017 15:30,6.23,10.296,
01/03/2017 16:00,6.077,10.271,
01/03/2017 16:30,5.949,10.222,
01/03/2017 17:00,5.898,10.149,
01/03/2017 17:30,5.924,10.124,
01/03/2017 18:00,6.026,10.075,
01/03/2017 18:30,6.153,10.026,
01/03/2017 19:00,6.23,9.977,
01/03/2017 19:30,6.102,9.952,
01/03/2017 20:00,6,9.928,
01/03/2017 20:30,5.898,9.903,
01/03/2017 21:00,5.949,9.879,
01/03/2017 21:30,6.026,9.854,
01/03/2017 22:00,6.153,9.829,
01/03/2017 22:30,6.23,9.805,
01/03/2017 23:00,6.128,9.805,
01/03/2017 23:30,5.975,9.805,
01/04/2017 00:00,5.872,9.78,
01/04/2017 00:30,6.026,9.756,
01/04/2017 01:00,6.128,9.731,
01/04/2017 01:30,6.204,9.706,
01/04/2017 02:00,6.102,9.632,
01/04/2017 02:30,6.026,9.608,
01/04/2017 03:00,5.924,9.608,
01/04/2017 03:30,5.898,9.608,
01/04/2017 04:00,6.026,9.583,
01/04/2017 04:30,6.153,9.583,
01/04/2017 05:00,6.23,9.558,
01/04/2017 05:30,6.128,9.558,
01/04/2017 06:00,6,9.558,
01/04/2017 06:30,5.872,9.558,
01/04/2017 07:00,5.975,9.608,
01/04/2017 07:30,6.128,9.632,
01/04/2017 08:00,6.23,9.657,
01/04/2017 08:30,6.128,9.706,
01/04/2017 09:00,6.026,9.756,
01/04/2017 09:30,5.924,9.805,
01/04/2017 10:00,5.924,9.829,
01/04/2017 10:30,6.077,9.854,
01/04/2017 11:00,6.179,9.903,
01/04/2017 11:30,6.23,9.928,
01/04/2017 12:00,6.077,9.952,
01/04/2017 12:30,5.949,10.026,
01/04/2017 13:00,5.872,10.075,
01/04/2017 13:30,5.949,10.124,
01/04/2017 14:00,6.051,10.173,
01/04/2017 14:30,6.128,10.198,
01/04/2017 15:00,6.204,10.222,
01/04/2017 15:30,6.153,10.247,
01/04/2017 16:00,6.026,10.247,
01/04/2017 16:30,5.924,10.247,
01/04/2017 17:00,5.898,10.222,
01/04/2017 17:30,6.026,10.173,
01/04/2017 18:00,6.153,10.149,
01/04/2017 18:30,6.179,10.149,
01/04/2017 19:00,6.051,10.124,
01/04/2017 19:30,5.924,10.075,
01/04/2017 20:00,5.872,10.075,
01/04/2017 20:30,6.051,10.075,
01/04/2017 21:00,6.179,10.026,
01/04/2017 21:30,6.204,10.026,
01/04/2017 22:00,6.128,10.026,
01/04/2017 22:30,5.975,10.026,
01/04/2017 23:00,5.872,10.001,
01/04/2017 23:30,5.949,10.001,
01/05/2017 00:00,6.051,9.977,
01/05/2017 00:30,6.179,9.952,
01/05/2017 01:00,6.179,9.952,
01/05/2017 01:30,6.102,9.928,
01/05/2017 02:00,5.975,9.903,
01/05/2017 02:30,5.872,9.879,
01/05/2017 03:00,6.026,9.854,
01/05/2017 03:30,6.153,9.829,
01/05/2017 04:00,6.179,9.829,
01/05/2017 04:30,6.077,9.829,
01/05/2017 05:00,5.924,9.829,
01/05/2017 05:30,5.872,9.805,
01/05/2017 06:00,6.026,9.78,
01/05/2017 06:30,6.153,9.78,
01/05/2017 07:00,6.179,9.805,
01/05/2017 07:30,6.077,9.829,
01/05/2017 08:00,6,9.879,
01/05/2017 08:30,5.872,9.903,
01/05/2017 09:00,5.898,9.952,
01/05/2017 09:30,6.026,10.001,
01/05/2017 10:00,6.102,10.051,
01/05/2017 10:30,6.179,10.124,
01/05/2017 11:00,6.179,10.222,
01/05/2017 11:30,6.077,10.296,
01/05/2017 12:00,5.924,10.369,
01/05/2017 12:30,5.924,10.443,
01/05/2017 13:00,6.051,10.467,
01/05/2017 13:30,6.153,10.516,
01/05/2017 14:00,6.23,10.565,
01/05/2017 14:30,6.153,10.614,
01/05/2017 15:00,6.077,10.663,
01/05/2017 15:30,5.949,10.663,
01/05/2017 16:00,5.872,10.663,
01/05/2017 16:30,5.949,10.638,
01/05/2017 17:00,6.077,10.565,
01/05/2017 17:30,6.204,10.492,
01/05/2017 18:00,6.153,10.443,
01/05/2017 18:30,6.051,10.394,
01/05/2017 19:00,5.924,10.32,
01/05/2017 19:30,5.924,10.247,
01/05/2017 20:00,6.051,10.198,
01/05/2017 20:30,6.179,10.149,
01/05/2017 21:00,6.128,10.1,
01/05/2017 21:30,6.026,10.051,
01/05/2017 22:00,5.898,10.026,
01/05/2017 22:30,5.924,10.001,
01/05/2017 23:00,6.077,9.977,
01/05/2017 23:30,6.179,9.977,
01/06/2017 00:00,6.204,10.001,
01/06/2017 00:30,6.153,10.026,
01/06/2017 01:00,6.026,10.026,
01/06/2017 01:30,5.924,10.026,
01/06/2017 02:00,5.898,10.026,
01/06/2017 02:30,6.026,10.026,
01/06/2017 03:00,6.179,10.001,
01/06/2017 03:30,6.204,10.001,
01/06/2017 04:00,6.102,10.001,
01/06/2017 04:30,6,9.977,
01/06/2017 05:00,5.898,9.952,
01/06/2017 05:30,5.949,9.952,
01/06/2017 06:00,6.102,9.952,
01/06/2017 06:30,6.204,9.952,
01/06/2017 07:00,6.179,9.928,
01/06/2017 07:30,6.051,9.928,
01/06/2017 08:00,5.924,9.903,
01/06/2017 08:30,5.924,9.879,
01/06/2017 09:00,6.077,9.903,
01/06/2017 09:30,6.204,9.879,
01/06/2017 10:00,6.102,9.632,
01/06/2017 10:30,6.255,9.731,
01/06/2017 11:00,6.382,9.854,
01/06/2017 11:30,6.535,9.952,
01/06/2017 12:00,6.687,10.026,
01/06/2017 12:30,6.813,10.075,
01/06/2017 13:00,6.965,10.124,
01/06/2017 13:30,7.091,10.173,
01/06/2017 14:00,7.242,10.198,
01/06/2017 14:30,7.368,10.271,
01/06/2017 15:00,7.494,10.296,
01/06/2017 15:30,7.015,10.32,
01/06/2017 16:00,6.128,10.32,
01/06/2017 16:30,5.872,10.296,
01/06/2017 17:00,6.026,10.247,
01/06/2017 17:30,6.23,10.173,
01/06/2017 18:00,6.179,10.075,
01/06/2017 18:30,6,9.977,
01/06/2017 19:00,5.898,9.879,
01/06/2017 19:30,6.051,9.829,
01/06/2017 20:00,6.179,9.756,
01/06/2017 20:30,6.23,9.706,
01/06/2017 21:00,6.026,9.657,
01/06/2017 21:30,5.924,9.632,
01/06/2017 22:00,6.128,9.583,
01/06/2017 22:30,6.255,9.534,
01/06/2017 23:00,6.077,9.509,
01/06/2017 23:30,5.898,9.485,
01/07/2017 00:00,6.026,9.485,
01/07/2017 00:30,6.128,9.46,
01/07/2017 01:00,6.255,9.46,
01/07/2017 01:30,6.102,9.46,
01/07/2017 02:00,5.898,9.485,
01/07/2017 02:30,5.975,9.509,
01/07/2017 03:00,6.077,9.534,
01/07/2017 03:30,6.204,9.534,
01/07/2017 04:00,6.23,9.534,
01/07/2017 04:30,6.102,9.534,
01/07/2017 05:00,5.872,9.558,
01/07/2017 05:30,6.026,9.534,
01/07/2017 06:00,6.204,9.509,
01/07/2017 06:30,6.255,9.509,
01/07/2017 07:00,6.051,9.509,
01/07/2017 07:30,5.898,9.485,
01/07/2017 08:00,5.975,9.485,
01/07/2017 08:30,6.128,9.485,
01/07/2017 09:00,6.255,9.509,
01/07/2017 09:30,6.077,9.558,
01/07/2017 10:00,5.898,9.632,
01/07/2017 10:30,6.077,9.657,
01/07/2017 11:00,6.23,9.706,
01/07/2017 11:30,6.077,9.756,
01/07/2017 12:00,5.924,9.805,
01/07/2017 12:30,6.051,9.829,
01/07/2017 13:00,6.255,9.879,
01/07/2017 13:30,6.102,9.903,
01/07/2017 14:00,5.872,9.952,
01/07/2017 14:30,6.051,9.952,
01/07/2017 15:00,6.23,9.977,
01/07/2017 15:30,6.179,9.977,
01/07/2017 16:00,5.949,9.977,
01/07/2017 16:30,5.975,9.977,
01/07/2017 17:00,6.128,9.977,
01/07/2017 17:30,6.255,9.977,
01/07/2017 18:00,6.128,9.952,
01/07/2017 18:30,6,9.903,
01/07/2017 19:00,5.949,9.854,
01/07/2017 19:30,6.128,9.78,
01/07/2017 20:00,6.255,9.731,
01/07/2017 20:30,6.23,9.706,
01/07/2017 21:00,6.077,9.682,
01/07/2017 21:30,5.924,9.632,
01/07/2017 22:00,5.949,9.608,
01/07/2017 22:30,6.153,9.583,
01/07/2017 23:00,6.281,9.558,
01/07/2017 23:30,6.128,9.558,
01/08/2017 00:00,5.924,9.558,
01/08/2017 00:30,6,9.583,
01/08/2017 01:00,6.153,9.608,
01/08/2017 01:30,6.281,9.632,
01/08/2017 02:00,6.026,9.657,
01/08/2017 02:30,5.924,9.657,
01/08/2017 03:00,6.077,9.682,
01/08/2017 03:30,6.23,9.706,
01/08/2017 04:00,6.204,9.706,
01/08/2017 04:30,5.949,9.731,
01/08/2017 05:00,5.975,9.756,
01/08/2017 05:30,6.128,9.78,
01/08/2017 06:00,6.255,9.78,
01/08/2017 06:30,6.153,9.805,
01/08/2017 07:00,6,9.805,
01/08/2017 07:30,5.949,9.805,
01/08/2017 08:00,6.153,9.805,
01/08/2017 08:30,6.23,9.805,
01/08/2017 09:00,6.179,9.805,
01/08/2017 09:30,5.975,9.805,
01/08/2017 10:00,5.924,9.805,
01/08/2017 10:30,6.102,9.829,
01/08/2017 11:00,6.255,9.829,
01/08/2017 11:30,6.128,9.854,
01/08/2017 12:00,5.949,9.879,
01/08/2017 12:30,6.026,9.879,
01/08/2017 13:00,6.179,9.879,
01/08/2017 13:30,6.23,9.903,
01/08/2017 14:00,6.077,9.928,
01/08/2017 14:30,5.898,9.928,
01/08/2017 15:00,6.128,9.952,
01/08/2017 15:30,6.255,9.952,
01/08/2017 16:00,6.051,9.977,
01/08/2017 16:30,5.924,9.977,
01/08/2017 17:00,6.102,9.977,
01/08/2017 17:30,6.23,9.977,
01/08/2017 18:00,6.077,9.952,
01/08/2017 18:30,5.872,9.952,
01/08/2017 19:00,6.026,9.903,
01/08/2017 19:30,6.179,9.854,
01/08/2017 20:00,6.281,9.829,
01/08/2017 20:30,6.026,9.78,
01/08/2017 21:00,5.898,9.756,
01/08/2017 21:30,6.051,9.706,
01/08/2017 22:00,6.23,9.657,
01/08/2017 22:30,6.255,9.632,
01/08/2017 23:00,6.026,9.583,
01/08/2017 23:30,5.898,9.558,
01/09/2017 00:00,6.051,9.534,
01/09/2017 00:30,6.204,9.534,
01/09/2017 01:00,6.102,9.534,
01/09/2017 01:30,5.898,9.558,
01/09/2017 02:00,6.026,9.608,
01/09/2017 02:30,6.179,9.632,
01/09/2017 03:00,6.179,9.632,
01/09/2017 03:30,5.924,9.682,
01/09/2017 04:00,5.975,9.682,
01/09/2017 04:30,6.128,9.706,
01/09/2017 05:00,6.255,9.706,
01/09/2017 05:30,6.026,9.731,
01/09/2017 06:00,5.898,9.731,
01/09/2017 06:30,6.077,9.731,
01/09/2017 07:00,6.255,9.756,
01/09/2017 07:30,6.153,9.731,
01/09/2017 08:00,5.924,9.731,
01/09/2017 08:30,6.051,9.731,
01/09/2017 09:00,6.281,9.756,
01/09/2017 09:30,6.077,9.78,
01/09/2017 10:00,5.821,9.854,
01/09/2017 10:30,6.077,9.879,
01/09/2017 11:00,6.23,9.928,
01/09/2017 11:30,5.872,9.977,
01/09/2017 12:00,5.975,10.001,
01/09/2017 12:30,6.204,10.026,
01/09/2017 13:00,6.051,10.051,
01/09/2017 13:30,5.924,10.075,
01/09/2017 14:00,6.204,10.149,
01/09/2017 14:30,5.949,10.222,
01/09/2017 15:00,5.975,10.271,
01/09/2017 15:30,6.255,10.32,
01/09/2017 16:00,5.898,10.394,
01/09/2017 16:30,6.153,10.443,
01/09/2017 17:00,5.847,10.492,
01/09/2017 17:30,6.026,10.516,
01/09/2017 18:00,6.23,10.516,
01/09/2017 18:30,5.796,10.516,
01/09/2017 19:00,6.026,10.492,
01/09/2017 19:30,6.255,10.443,
01/09/2017 20:00,5.898,10.394,
01/09/2017 20:30,5.949,10.296,
01/09/2017 21:00,6.204,10.222,
01/09/2017 21:30,6.077,10.124,
01/09/2017 22:00,5.77,10.075,
01/09/2017 22:30,6.026,10.001,
01/09/2017 23:00,6.23,9.928,
01/09/2017 23:30,6.026,9.854,
01/10/2017 00:00,5.821,9.78,
01/10/2017 00:30,6.077,9.756,
01/10/2017 01:00,6.255,9.706,
01/10/2017 01:30,5.975,9.706,
01/10/2017 02:00,5.924,9.731,
01/10/2017 02:30,6.153,9.756,
01/10/2017 03:00,6.153,9.78,
01/10/2017 03:30,5.821,9.805,
01/10/2017 04:00,6.026,9.854,
01/10/2017 04:30,6.204,9.879,
01/10/2017 05:00,6.051,9.879,
01/10/2017 05:30,5.924,9.903,
01/10/2017 06:00,6.153,9.928,
01/10/2017 06:30,6.179,9.928,
01/10/2017 07:00,5.821,9.952,
01/10/2017 07:30,6.026,9.952,
01/10/2017 08:00,6.255,9.952,
01/10/2017 08:30,5.924,9.977,
01/10/2017 09:00,5.975,9.977,
01/10/2017 09:30,6.204,10.001,
01/10/2017 10:00,6.077,10.026,
01/10/2017 10:30,5.847,10.026,
01/10/2017 11:00,6.077,10.026,
01/10/2017 11:30,6.23,10.026,
01/10/2017 12:00,5.924,10.051,
01/10/2017 12:30,5.975,10.051,
01/10/2017 13:00,6.204,10.026,
01/10/2017 13:30,6.077,10.026,
01/10/2017 14:00,5.821,10.001,
01/10/2017 14:30,6.128,10.001,
01/10/2017 15:00,6.179,9.977,
01/10/2017 15:30,5.872,9.977,
01/10/2017 16:00,6,9.952,
01/10/2017 16:30,6.179,9.952,
01/10/2017 17:00,6.128,9.928,
01/10/2017 17:30,5.872,9.928,
01/10/2017 18:00,6,9.903,
01/10/2017 18:30,6.204,9.879,
01/10/2017 19:00,6.051,9.854,
01/10/2017 19:30,5.796,9.829,
01/10/2017 20:00,6.026,9.78,
01/10/2017 20:30,6.255,9.756,
01/10/2017 21:00,6.077,9.731,
01/10/2017 21:30,5.821,9.682,
01/10/2017 22:00,5.949,9.632,
01/10/2017 22:30,6.179,9.583,
01/10/2017 23:00,6.077,9.534,
01/10/2017 23:30,5.796,9.509,
01/11/2017 00:00,6.026,9.485,
01/11/2017 00:30,6.255,9.435,
01/11/2017 01:00,6.026,9.41,
01/11/2017 01:30,5.821,9.41,
01/11/2017 02:00,6.051,9.386,
01/11/2017 02:30,6.255,9.386,
01/11/2017 03:00,5.949,9.435,
01/11/2017 03:30,5.872,9.46,
01/11/2017 04:00,6.102,9.485,
01/11/2017 04:30,6.204,9.509,
01/11/2017 05:00,5.821,9.534,
01/11/2017 05:30,6,9.558,
01/11/2017 06:00,6.179,9.558,
01/11/2017 06:30,6.153,9.583,
01/11/2017 07:00,5.872,9.632,
01/11/2017 07:30,6,9.632,
01/11/2017 08:00,6.255,9.657,
01/11/2017 08:30,6.026,9.682,
01/11/2017 09:00,5.872,9.731,
01/11/2017 09:30,6.077,9.756,
01/11/2017 10:00,6.204,9.805,
01/11/2017 10:30,5.847,9.879,
01/11/2017 11:00,6,9.928,
01/11/2017 11:30,6.255,9.977,
01/11/2017 12:00,5.898,10.001,
01/11/2017 12:30,5.975,10.051,
01/11/2017 13:00,6.23,10.075,
01/11/2017 13:30,5.872,10.1,
01/11/2017 14:00,6.026,10.124,
01/11/2017 14:30,6.23,10.173,
01/11/2017 15:00,5.77,10.222,
01/11/2017 15:30,6.051,10.247,
01/11/2017 16:00,6.102,10.296,
01/11/2017 16:30,5.898,10.32,
01/11/2017 17:00,6.179,10.296,
01/11/2017 17:30,6.026,10.271,
01/11/2017 18:00,5.872,10.247,
01/11/2017 18:30,6.077,10.198,
01/11/2017 19:00,6.179,10.124,
01/11/2017 19:30,5.796,10.075,
01/11/2017 20:00,6.026,9.977,
01/11/2017 20:30,6.23,9.903,
01/11/2017 21:00,6.026,9.829,
01/11/2017 21:30,5.796,9.756,
01/11/2017 22:00,6.026,9.706,
01/11/2017 22:30,6.255,9.632,
01/11/2017 23:00,6.026,9.583,
01/11/2017 23:30,5.796,9.534,
01/12/2017 00:00,6.051,9.485,
01/12/2017 00:30,6.255,9.435,
01/12/2017 01:00,6.026,9.41,
01/12/2017 01:30,5.821,9.386,
01/12/2017 02:00,6.077,9.361,
01/12/2017 02:30,6.255,9.361,
01/12/2017 03:00,5.924,9.386,
01/12/2017 03:30,5.949,9.41,
01/12/2017 04:00,6.204,9.435,
01/12/2017 04:30,6.128,9.46,
01/12/2017 05:00,5.821,9.485,
01/12/2017 05:30,6.026,9.485,
01/12/2017 06:00,6.255,9.485,
01/12/2017 06:30,6.051,9.509,
01/12/2017 07:00,5.796,9.534,
01/12/2017 07:30,6.026,9.534,
01/12/2017 08:00,6.281,9.534,
01/12/2017 08:30,5.975,9.534,
01/12/2017 09:00,5.924,9.558,
01/12/2017 09:30,6.153,9.558,
01/12/2017 10:00,6.077,9.608,
01/12/2017 10:30,5.847,9.632,
01/12/2017 11:00,6.077,9.657,
01/12/2017 11:30,6.23,9.682,
01/12/2017 12:00,6,9.706,
01/12/2017 12:30,5.847,9.706,
01/12/2017 13:00,6.102,9.706,
01/12/2017 13:30,6.204,9.731,
01/12/2017 14:00,5.949,9.756,
01/12/2017 14:30,5.949,9.78,
01/12/2017 15:00,6.23,9.78,
01/12/2017 15:30,6.051,9.805,
01/12/2017 16:00,5.924,9.805,
01/12/2017 16:30,6.153,9.805,
01/12/2017 17:00,6.204,9.78,
01/12/2017 17:30,5.821,9.78,
01/12/2017 18:00,6.026,9.756,
01/12/2017 18:30,6.23,9.756,
01/12/2017 19:00,6.026,9.731,
01/12/2017 19:30,5.872,9.731,
01/12/2017 20:00,6.153,9.731,
01/12/2017 20:30,6.153,9.706,
01/12/2017 21:00,5.847,9.682,
01/12/2017 21:30,6.026,9.682,
01/12/2017 22:00,6.255,9.682,
01/12/2017 22:30,6.128,9.657,
01/12/2017 23:00,5.872,9.632,
01/12/2017 23:30,5.975,9.608,
01/13/2017 00:00,6.179,9.583,
01/13/2017 00:30,6.153,9.558,
01/13/2017 01:00,5.924,9.509,
01/13/2017 01:30,5.949,9.485,
01/13/2017 02:00,6.153,9.435,
01/13/2017 02:30,6.153,9.41,
01/13/2017 03:00,5.898,9.41,
01/13/2017 03:30,6,9.435,
01/13/2017 04:00,6.23,9.435,
01/13/2017 04:30,6.102,9.46,
01/13/2017 05:00,5.847,9.509,
01/13/2017 05:30,6.051,9.534,
01/13/2017 06:00,6.255,9.558,
01/13/2017 06:30,6,9.583,
01/13/2017 07:00,5.949,9.632,
01/13/2017 07:30,6.204,9.657,
01/13/2017 08:00,6.128,9.682,
01/13/2017 08:30,5.872,9.682,
01/13/2017 09:00,6.102,9.706,
01/13/2017 09:30,6.23,9.731,
01/13/2017 10:00,5.949,9.78,
01/13/2017 10:30,6.051,9.854,
01/13/2017 11:00,6.204,9.928,
01/13/2017 11:30,5.847,10.001,
01/13/2017 12:00,6.051,10.026,
01/13/2017 12:30,6.255,10.051,
01/13/2017 13:00,5.975,10.051,
01/13/2017 13:30,6,10.051,
01/13/2017 14:00,6.23,10.026,
01/13/2017 14:30,6.128,10.026,
01/13/2017 15:00,5.847,10.001,
01/13/2017 15:30,6.077,9.977,
01/13/2017 16:00,6.255,9.977,
01/13/2017 16:30,5.975,9.977,
01/13/2017 17:00,5.949,9.952,
01/13/2017 17:30,6.179,9.928,
01/13/2017 18:00,6.077,9.928,
01/13/2017 18:30,5.872,9.903,
01/13/2017 19:00,6.102,9.903,
01/13/2017 19:30,6.281,9.903,
01/13/2017 20:00,5.949,9.903,
01/13/2017 20:30,5.949,9.903,
01/13/2017 21:00,6.204,9.879,
01/13/2017 21:30,6,9.829,
01/13/2017 22:00,5.924,9.829,
01/13/2017 22:30,6.153,9.829,
01/13/2017 23:00,6.204,9.805,
01/13/2017 23:30,5.949,9.756,
01/14/2017 00:00,5.949,9.731,
01/14/2017 00:30,6.179,9.706,
01/14/2017 01:00,6.128,9.657,
01/14/2017 01:30,5.872,9.632,
01/14/2017 02:00,6.026,9.608,
01/14/2017 02:30,6.23,9.558,
01/14/2017 03:00,6.077,9.534,
01/14/2017 03:30,5.847,9.534,
01/14/2017 04:00,6.077,9.534,
01/14/2017 04:30,6.281,9.558,
01/14/2017 05:00,6,9.583,
01/14/2017 05:30,5.924,9.608,
01/14/2017 06:00,6.153,9.632,
01/14/2017 06:30,6.23,9.657,
01/14/2017 07:00,5.924,9.657,
01/14/2017 07:30,6,9.682,
01/14/2017 08:00,6.23,9.682,
01/14/2017 08:30,6.051,9.682,
01/14/2017 09:00,5.949,9.731,
01/14/2017 09:30,6.204,9.731,
01/14/2017 10:00,6.102,9.756,
01/14/2017 10:30,5.872,9.805,
01/14/2017 11:00,6.128,9.829,
01/14/2017 11:30,6.255,9.854,
01/14/2017 12:00,5.898,9.879,
01/14/2017 12:30,6.051,9.903,
01/14/2017 13:00,6.281,9.903,
01/14/2017 13:30,5.872,9.903,
01/14/2017 14:00,6.026,9.903,
01/14/2017 14:30,6.23,9.879,
01/14/2017 15:00,6.026,9.879,
01/14/2017 15:30,5.949,9.879,
01/14/2017 16:00,6.179,9.879,
01/14/2017 16:30,6.128,9.879,
01/14/2017 17:00,5.872,9.879,
01/14/2017 17:30,6.102,9.854,
01/14/2017 18:00,6.204,9.854,
01/14/2017 18:30,5.847,9.854,
01/14/2017 19:00,6.051,9.854,
01/14/2017 19:30,6.255,9.854,
01/14/2017 20:00,5.924,9.854,
01/14/2017 20:30,6,9.854,
01/14/2017 21:00,6.23,9.854,
01/14/2017 21:30,6.051,9.854,
01/14/2017 22:00,5.898,9.854,
01/14/2017 22:30,6.153,9.829,
01/14/2017 23:00,6.204,9.829,
01/14/2017 23:30,5.847,9.805,
01/15/2017 00:00,6.026,9.78,
01/15/2017 00:30,6.23,9.756,
01/15/2017 01:00,6.077,9.731,
01/15/2017 01:30,5.924,9.682,
01/15/2017 02:00,6.128,9.657,
01/15/2017 02:30,6.255,9.632,
01/15/2017 03:00,5.949,9.608,
01/15/2017 03:30,5.949,9.583,
01/15/2017 04:00,6.204,9.583,
01/15/2017 04:30,6.179,9.583,
01/15/2017 05:00,5.872,9.608,
01/15/2017 05:30,6.102,9.632,
01/15/2017 06:00,6.255,9.632,
01/15/2017 06:30,5.924,9.657,
01/15/2017 07:00,6,9.657,
01/15/2017 07:30,6.23,9.657,
01/15/2017 08:00,6.026,9.682,
01/15/2017 08:30,5.924,9.682,
01/15/2017 09:00,6.179,9.706,
01/15/2017 09:30,6.077,9.731,
01/15/2017 10:00,5.924,9.756,
01/15/2017 10:30,6.179,9.78,
01/15/2017 11:00,6.128,9.829,
01/15/2017 11:30,5.872,9.854,
01/15/2017 12:00,6.077,9.903,
01/15/2017 12:30,6.281,9.928,
01/15/2017 13:00,5.975,9.928,
01/15/2017 13:30,6,9.952,
01/15/2017 14:00,6.23,9.952,
01/15/2017 14:30,6.077,9.952,
01/15/2017 15:00,5.949,9.952,
01/15/2017 15:30,6.179,9.903,
01/15/2017 16:00,6.102,9.903,
01/15/2017 16:30,5.898,9.879,
01/15/2017 17:00,6.153,9.829,
01/15/2017 17:30,6.102,9.805,
01/15/2017 18:00,5.847,9.756,
01/15/2017 18:30,6.128,9.731,
01/15/2017 19:00,6.153,9.706,
01/15/2017 19:30,5.872,9.706,
01/15/2017 20:00,6.051,9.706,
01/15/2017 20:30,6.255,9.682,
01/15/2017 21:00,5.975,9.682,
01/15/2017 21:30,5.949,9.682,
01/15/2017 22:00,6.153,9.682,
01/15/2017 22:30,6.23,9.706,
01/15/2017 23:00,5.872,9.706,
01/15/2017 23:30,6,9.682,
01/16/2017 00:00,6.23,9.682,
01/16/2017 00:30,6.077,9.682,
01/16/2017 01:00,5.872,9.682,
01/16/2017 01:30,6.179,9.657,
01/16/2017 02:00,6.102,9.632,
01/16/2017 02:30,5.924,9.632,
01/16/2017 03:00,6.153,9.583,
01/16/2017 03:30,6.153,9.558,
01/16/2017 04:00,5.821,9.534,
01/16/2017 04:30,6.077,9.534,
01/16/2017 05:00,6.281,9.534,
01/16/2017 05:30,5.975,9.534,
01/16/2017 06:00,5.949,9.534,
01/16/2017 06:30,6.179,9.558,
01/16/2017 07:00,6.179,9.583,
01/16/2017 07:30,5.847,9.608,
01/16/2017 08:00,6.051,9.632,
01/16/2017 08:30,6.23,9.657,
01/16/2017 09:00,5.898,9.731,
01/16/2017 09:30,6.102,9.731,
01/16/2017 10:00,6.23,9.731,
01/16/2017 10:30,6.357,9.78,
01/16/2017 11:00,6.484,9.854,
01/16/2017 11:30,6.636,9.952,
01/16/2017 12:00,6.763,10.051,
01/16/2017 12:30,6.128,10.124,
01/16/2017 13:00,5.924,10.051,
01/16/2017 13:30,6.026,10.173,
01/16/2017 14:00,6.128,10.247,
01/16/2017 14:30,6.204,10.296,
01/16/2017 15:00,6.077,10.32,
01/16/2017 15:30,6,10.32,
01/16/2017 16:00,5.872,10.32,
01/16/2017 16:30,5.949,10.296,
01/16/2017 17:00,6.026,10.271,
01/16/2017 17:30,6.128,10.247,
01/16/2017 18:00,6.204,10.222,
01/16/2017 18:30,6.128,10.198,
01/16/2017 19:00,6.051,10.173,
01/16/2017 19:30,5.975,10.149,
01/16/2017 20:00,5.872,10.124,
01/16/2017 20:30,5.949,10.124,
01/16/2017 21:00,6.026,10.124,
01/16/2017 21:30,6.128,10.149,
01/16/2017 22:00,6.204,10.149,
01/16/2017 22:30,6.128,10.149,
01/16/2017 23:00,6.026,10.149,
01/16/2017 23:30,5.924,10.124,
01/17/2017 00:00,5.872,10.124,
01/17/2017 00:30,6,10.124,
01/17/2017 01:00,6.102,10.1,
01/17/2017 01:30,6.204,10.1,
01/17/2017 02:00,6.102,10.1,
01/17/2017 02:30,5.975,10.075,
01/17/2017 03:00,5.872,10.051,
01/17/2017 03:30,5.898,10.026,
01/17/2017 04:00,6.026,10.001,
01/17/2017 04:30,6.128,9.977,
01/17/2017 05:00,6.153,9.952,
01/17/2017 05:30,6.102,9.928,
01/17/2017 06:00,6,9.928,
01/17/2017 06:30,5.872,9.928,
01/17/2017 07:00,5.898,9.928,
01/17/2017 07:30,6,9.977,
01/17/2017 08:00,6.102,10.001,
01/17/2017 08:30,6.153,10.026,
01/17/2017 09:00,6.153,10.026,
01/17/2017 09:30,6.077,10.051,
01/17/2017 10:00,5.949,10.075,
01/17/2017 10:30,5.847,10.075,
01/17/2017 11:00,5.924,10.1,
01/17/2017 11:30,6.026,10.124,
01/17/2017 12:00,6.153,10.124,
01/17/2017 12:30,6.179,10.149,
01/17/2017 13:00,6.077,10.149,
01/17/2017 13:30,5.949,10.173,
01/17/2017 14:00,5.898,10.198,
01/17/2017 14:30,5.872,10.198,
01/17/2017 15:00,5.975,10.198,
01/17/2017 15:30,6.102,10.198,
01/17/2017 16:00,6.179,10.149,
01/17/2017 16:30,6.102,10.149,
01/17/2017 17:00,5.975,10.124,
01/17/2017 17:30,5.924,10.075,
01/17/2017 18:00,5.847,10.075,
01/17/2017 18:30,5.949,10.051,
01/17/2017 19:00,6.077,10.026,
01/17/2017 19:30,6.153,10.026,
01/17/2017 20:00,6.128,10.001,
01/17/2017 20:30,6.026,10.026,
01/17/2017 21:00,5.949,10.001,
01/17/2017 21:30,5.872,10.001,
01/17/2017 22:00,5.898,10.001,
01/17/2017 22:30,6.026,10.026,
01/17/2017 23:00,6.153,10.026,
01/17/2017 23:30,6.179,10.026,
01/18/2017 00:00,6.051,10.051,
01/18/2017 00:30,5.949,10.075,
01/18/2017 01:00,5.847,10.075,
01/18/2017 01:30,5.949,10.1,
01/18/2017 02:00,6.102,10.1,
01/18/2017 02:30,6.179,10.124,
01/18/2017 03:00,6.077,10.124,
01/18/2017 03:30,5.975,10.124,
01/18/2017 04:00,5.898,10.1,
01/18/2017 04:30,5.898,10.1,
01/18/2017 05:00,6,10.075,
01/18/2017 05:30,6.128,10.051,
01/18/2017 06:00,6.153,10.026,
01/18/2017 06:30,6.026,10.026,
01/18/2017 07:00,5.949,10.026,
01/18/2017 07:30,5.872,10.026,
01/18/2017 08:00,5.898,10.051,
01/18/2017 08:30,6.051,10.075,
01/18/2017 09:00,6.179,10.1,
01/18/2017 09:30,6.077,10.149,
01/18/2017 10:00,5.898,10.198,
01/18/2017 10:30,5.872,10.271,
01/18/2017 11:00,6.026,10.369,
01/18/2017 11:30,6.128,10.467,
01/18/2017 12:00,6.077,10.565,
01/18/2017 12:30,5.898,10.663,
01/18/2017 13:00,5.898,10.736,
01/18/2017 13:30,6.051,10.81,
01/18/2017 14:00,6.179,10.907,
01/18/2017 14:30,5.898,11.029,
01/18/2017 15:00,5.924,11.078,
01/18/2017 15:30,6.051,11.102,
01/18/2017 16:00,6.153,11.127,
01/18/2017 16:30,5.975,11.127,
01/18/2017 17:00,5.847,11.102,
01/18/2017 17:30,5.975,11.078,
01/18/2017 18:00,6.102,11.029,
01/18/2017 18:30,6.179,10.98,
01/18/2017 19:00,6.026,10.907,
01/18/2017 19:30,5.898,10.858,
01/18/2017 20:00,5.872,10.785,
01/18/2017 20:30,6.026,10.736,
01/18/2017 21:00,6.102,10.663,
01/18/2017 21:30,6.153,10.59,
01/18/2017 22:00,5.975,10.541,
01/18/2017 22:30,5.898,10.541,
01/18/2017 23:00,5.872,10.492,
01/18/2017 23:30,6,10.467,
01/19/2017 00:00,6.102,10.443,
01/19/2017 00:30,6.179,10.418,
01/19/2017 01:00,6.026,10.418,
01/19/2017 01:30,5.924,10.369,
01/19/2017 02:00,5.872,10.369,
01/19/2017 02:30,5.949,10.345,
01/19/2017 03:00,6.051,10.32,
01/19/2017 03:30,6.128,10.296,
01/19/2017 04:00,6.153,10.271,
01/19/2017 04:30,6.077,10.271,
01/19/2017 05:00,5.975,10.222,
01/19/2017 05:30,5.847,10.222,
01/19/2017 06:00,5.949,10.198,
01/19/2017 06:30,6.051,10.198,
01/19/2017 07:00,6.179,10.173,
01/19/2017 07:30,6.128,10.149,
01/19/2017 08:00,6.026,10.149,
01/19/2017 08:30,5.949,10.173,
01/19/2017 09:00,5.847,10.173,
01/19/2017 09:30,5.924,10.222,
01/19/2017 10:00,6.051,10.247,
01/19/2017 10:30,6.128,10.296,
01/19/2017 11:00,6.153,10.394,
01/19/2017 11:30,6,10.492,
01/19/2017 12:00,5.872,10.59,
01/19/2017 12:30,5.898,10.663,
01/19/2017 13:00,6.026,10.761,
01/19/2017 13:30,6.179,10.834,
01/19/2017 14:00,6.102,10.883,
01/19/2017 14:30,5.872,10.932,
01/19/2017 15:00,5.898,10.98,
01/19/2017 15:30,6.026,11.005,
01/19/2017 16:00,6.153,11.029,
01/19/2017 16:30,6.026,11.053,
01/19/2017 17:00,5.847,11.053,
01/19/2017 17:30,5.924,11.005,
01/19/2017 18:00,6.026,10.956,
01/19/2017 18:30,6.128,10.932,
01/19/2017 19:00,6.077,10.883,
01/19/2017 19:30,5.975,10.81,
01/19/2017 20:00,5.847,10.761,
01/19/2017 20:30,6,10.712,
01/19/2017 21:00,6.153,10.638,
01/19/2017 21:30,6.128,10.565,
01/19/2017 22:00,5.975,10.516,
01/19/2017 22:30,5.872,10.467,
01/19/2017 23:00,5.949,10.418,
01/19/2017 23:30,6.077,10.345,
01/20/2017 00:00,6.153,10.296,
01/20/2017 00:30,5.975,10.271,
01/20/2017 01:00,5.821,10.222,
01/20/2017 01:30,5.949,10.222,
01/20/2017 02:00,6.051,10.222,
01/20/2017 02:30,6.179,10.198,
01/20/2017 03:00,6.077,10.173,
01/20/2017 03:30,5.898,10.149,
01/20/2017 04:00,5.898,10.1,
01/20/2017 04:30,6.077,10.1,
01/20/2017 05:00,6.153,10.075,
01/20/2017 05:30,6.077,10.051,
01/20/2017 06:00,5.975,10.026,
01/20/2017 06:30,5.872,10.026,
01/20/2017 07:00,5.872,10.026,
01/20/2017 07:30,6.026,9.977,
01/20/2017 08:00,6.153,9.977,
01/20/2017 08:30,6.153,9.977,
01/20/2017 09:00,6.051,9.977,
01/20/2017 09:30,5.872,9.952,
01/20/2017 10:00,5.924,9.952,
01/20/2017 10:30,6.077,9.977,
01/20/2017 11:00,6.153,10.001,
01/20/2017 11:30,6.026,10.051,
01/20/2017 12:00,5.872,10.124,
01/20/2017 12:30,5.898,10.222,
01/20/2017 13:00,6.026,10.296,
01/20/2017 13:30,6.179,10.369,
01/20/2017 14:00,6.077,10.443,
01/20/2017 14:30,5.949,10.492,
01/20/2017 15:00,5.872,10.541,
01/20/2017 15:30,5.975,10.59,
01/20/2017 16:00,6.102,10.614,
01/20/2017 16:30,6.204,10.638,
01/20/2017 17:00,6.077,10.638,
01/20/2017 17:30,5.949,10.638,
01/20/2017 18:00,5.898,10.614,
01/20/2017 18:30,6.051,10.565,
01/20/2017 19:00,6.179,10.516,
01/20/2017 19:30,6.153,10.467,
01/20/2017 20:00,6.026,10.443,
01/20/2017 20:30,5.949,10.418,
01/20/2017 21:00,5.872,10.369,
01/20/2017 21:30,6,10.345,
01/20/2017 22:00,6.128,10.296,
01/20/2017 22:30,6.204,10.32,
01/20/2017 23:00,6.026,10.296,
01/20/2017 23:30,5.898,10.271,
01/21/2017 00:00,5.924,10.271,
01/21/2017 00:30,6.077,10.271,
01/21/2017 01:00,6.179,10.296,
01/21/2017 01:30,6.179,10.32,
01/21/2017 02:00,6.051,10.32,
01/21/2017 02:30,5.949,10.345,
01/21/2017 03:00,5.872,10.345,
01/21/2017 03:30,6,10.345,
01/21/2017 04:00,6.128,10.345,
01/21/2017 04:30,6.153,10.369,
01/21/2017 05:00,6.026,10.345,
01/21/2017 05:30,5.924,10.345,
01/21/2017 06:00,5.847,10.32,
01/21/2017 06:30,6.026,10.32,
01/21/2017 07:00,6.128,10.32,
01/21/2017 07:30,6.204,10.32,
01/21/2017 08:00,6.077,10.296,
01/21/2017 08:30,6,10.296,
01/21/2017 09:00,5.898,10.271,
01/21/2017 09:30,5.924,10.271,
01/21/2017 10:00,6.026,10.271,
01/21/2017 10:30,6.179,10.296,
01/21/2017 11:00,6.179,10.32,
01/21/2017 11:30,6.077,10.345,
01/21/2017 12:00,5.924,10.369,
01/21/2017 12:30,5.872,10.418,
01/21/2017 13:00,6.026,10.418,
01/21/2017 13:30,6.128,10.443,
01/21/2017 14:00,6.204,10.443,
01/21/2017 14:30,6.128,10.467,
01/21/2017 15:00,5.975,10.492,
01/21/2017 15:30,5.898,10.516,
01/21/2017 16:00,5.949,10.516,
01/21/2017 16:30,6.102,10.541,
01/21/2017 17:00,6.204,10.541,
01/21/2017 17:30,6.128,10.541,
01/21/2017 18:00,6.026,10.516,
01/21/2017 18:30,5.924,10.516,
01/21/2017 19:00,5.924,10.492,
01/21/2017 19:30,6.077,10.443,
01/21/2017 20:00,6.204,10.418,
01/21/2017 20:30,6.077,10.418,
01/21/2017 21:00,5.949,10.394,
01/21/2017 21:30,5.872,10.369,
01/21/2017 22:00,5.975,10.345,
01/21/2017 22:30,6.128,10.345,
01/21/2017 23:00,6.179,10.32,
01/21/2017 23:30,6.077,10.32,
01/22/2017 00:00,5.924,10.296,
01/22/2017 00:30,5.949,10.296,
01/22/2017 01:00,6.102,10.296,
01/22/2017 01:30,6.179,10.32,
01/22/2017 02:00,5.975,10.345,
01/22/2017 02:30,5.898,10.369,
01/22/2017 03:00,6.051,10.345,
01/22/2017 03:30,6.204,10.345,
01/22/2017 04:00,6.077,10.345,
01/22/2017 04:30,5.898,10.345,
01/22/2017 05:00,5.949,10.32,
01/22/2017 05:30,6.128,10.296,
01/22/2017 06:00,6.153,10.296,
01/22/2017 06:30,6.026,10.296,
01/22/2017 07:00,5.872,10.271,
01/22/2017 07:30,6,10.271,
01/22/2017 08:00,6.128,10.271,
01/22/2017 08:30,6.204,10.271,
01/22/2017 09:00,6.128,10.271,
01/22/2017 09:30,5.949,10.271,
01/22/2017 10:00,5.898,10.271,
01/22/2017 10:30,6.102,10.296,
01/22/2017 11:00,6.179,10.296,
01/22/2017 11:30,6.128,10.32,
01/22/2017 12:00,6,10.32,
01/22/2017 12:30,5.872,10.345,
01/22/2017 13:00,6.026,10.369,
01/22/2017 13:30,6.153,10.369,
01/22/2017 14:00,6.128,10.394,
01/22/2017 14:30,6,10.418,
01/22/2017 15:00,5.898,10.394,
01/22/2017 15:30,5.975,10.394,
01/22/2017 16:00,6.128,10.394,
01/22/2017 16:30,6.179,10.418,
01/22/2017 17:00,6.026,10.394,
01/22/2017 17:30,5.872,10.369,
01/22/2017 18:00,5.975,10.345,
01/22/2017 18:30,6.128,10.345,
01/22/2017 19:00,6.153,10.32,
01/22/2017 19:30,6,10.271,
01/22/2017 20:00,5.872,10.247,
01/22/2017 20:30,6.026,10.222,
01/22/2017 21:00,6.153,10.198,
01/22/2017 21:30,6.23,10.173,
01/22/2017 22:00,6.102,10.149,
01/22/2017 22:30,6,10.149,
01/22/2017 23:00,5.898,10.124,
01/22/2017 23:30,5.924,10.1,
01/23/2017 00:00,6.051,10.075,
01/23/2017 00:30,6.204,10.075,
01/23/2017 01:00,6.179,10.051,
01/23/2017 01:30,6.026,10.051,
01/23/2017 02:00,5.924,10.075,
01/23/2017 02:30,5.898,10.075,
01/23/2017 03:00,6.026,10.075,
01/23/2017 03:30,6.102,10.1,
01/23/2017 04:00,6.204,10.1,
01/23/2017 04:30,6.153,10.1,
01/23/2017 05:00,6.026,10.124,
01/23/2017 05:30,5.949,10.124,
01/23/2017 06:00,5.872,10.124,
01/23/2017 06:30,6.026,10.1,
01/23/2017 07:00,6.153,10.1,
01/23/2017 07:30,6.179,10.1,
01/23/2017 08:00,6.026,10.075,
01/23/2017 08:30,5.872,10.075,
01/23/2017 09:00,5.949,10.075,
01/23/2017 09:30,6.102,10.1,
01/23/2017 10:00,6.204,10.149,
01/23/2017 10:30,6.179,10.222,
01/23/2017 11:00,6,10.296,
01/23/2017 11:30,6.331,10.222,
01/23/2017 12:00,6.509,10.173,
01/23/2017 12:30,6.687,10.149,
01/23/2017 13:00,6.864,10.1,
01/23/2017 13:30,7.041,9.583,
01/23/2017 14:00,7.217,9.682,
01/23/2017 14:30,7.393,9.78,
01/23/2017 15:00,6.661,9.829,
01/23/2017 15:30,6.661,9.879,
01/23/2017 16:00,6.636,9.903,
01/23/2017 16:30,6.585,9.928,
01/23/2017 17:00,6.382,9.952,
01/23/2017 17:30,6.026,10.026,
01/23/2017 18:00,6.077,10.051,
01/23/2017 18:30,5.898,10.075,
01/23/2017 19:00,6.077,10.051,
01/23/2017 19:30,6.102,10.026,
01/23/2017 20:00,5.872,9.977,
01/23/2017 20:30,6.051,9.952,
01/23/2017 21:00,6.204,9.879,
01/23/2017 21:30,5.949,9.829,
01/23/2017 22:00,5.924,9.78,
01/23/2017 22:30,6.051,9.731,
01/23/2017 23:00,6.23,9.682,
01/23/2017 23:30,6,9.657,
01/24/2017 00:00,5.924,9.632,
01/24/2017 00:30,6.077,9.608,
01/24/2017 01:00,6.23,9.558,
01/24/2017 01:30,5.949,9.558,
01/24/2017 02:00,5.898,9.558,
01/24/2017 02:30,6.026,9.583,
01/24/2017 03:00,6.179,9.608,
01/24/2017 03:30,6,9.632,
01/24/2017 04:00,5.872,9.632,
01/24/2017 04:30,6.077,9.657,
01/24/2017 05:00,6.23,9.682,
01/24/2017 05:30,5.949,9.706,
01/24/2017 06:00,5.975,9.731,
01/24/2017 06:30,6.102,9.731,
01/24/2017 07:00,6.204,9.731,
01/24/2017 07:30,5.847,9.756,
01/24/2017 08:00,6.051,9.78,
01/24/2017 08:30,6.179,9.78,
01/24/2017 09:00,5.924,9.78,
01/24/2017 09:30,5.924,9.78,
01/24/2017 10:00,6.102,9.78,
01/24/2017 10:30,6.23,9.805,
01/24/2017 11:00,5.924,9.854,
01/24/2017 11:30,5.949,9.854,
01/24/2017 12:00,6.128,9.854,
01/24/2017 12:30,6.204,9.879,
01/24/2017 13:00,5.924,9.879,
01/24/2017 13:30,5.949,9.879,
01/24/2017 14:00,6.153,9.903,
01/24/2017 14:30,6.128,9.928,
01/24/2017 15:00,5.847,9.952,
01/24/2017 15:30,6.051,9.928,
01/24/2017 16:00,6.179,9.952,
01/24/2017 16:30,5.975,9.928,
01/24/2017 17:00,5.924,9.928,
01/24/2017 17:30,6.051,9.903,
01/24/2017 18:00,6.204,9.903,
01/24/2017 18:30,5.975,9.903,
01/24/2017 19:00,5.949,9.903,
01/24/2017 19:30,6.128,9.903,
01/24/2017 20:00,6.128,9.903,
01/24/2017 20:30,5.872,9.903,
01/24/2017 21:00,5.949,9.879,
01/24/2017 21:30,6.128,9.854,
01/24/2017 22:00,6.051,9.829,
01/24/2017 22:30,5.898,9.854,
01/24/2017 23:00,6.051,9.829,
01/24/2017 23:30,6.204,9.829,
01/25/2017 00:00,5.975,9.805,
01/25/2017 00:30,5.924,9.805,
01/25/2017 01:00,6.102,9.805,
01/25/2017 01:30,6.179,9.78,
01/25/2017 02:00,5.847,9.78,
01/25/2017 02:30,6.026,9.829,
01/25/2017 03:00,6.179,9.829,
01/25/2017 03:30,5.847,9.879,
01/25/2017 04:00,6.026,9.879,
01/25/2017 04:30,6.179,9.903,
01/25/2017 05:00,5.847,9.928,
01/25/2017 05:30,5.975,9.928,
01/25/2017 06:00,6.153,9.928,
01/25/2017 06:30,6.102,9.952,
01/25/2017 07:00,5.924,9.952,
01/25/2017 07:30,6.128,9.952,
01/25/2017 08:00,6,9.977,
01/25/2017 08:30,5.898,9.977,
01/25/2017 09:00,6.128,9.977,
01/25/2017 09:30,5.949,10.001,
01/25/2017 10:00,5.924,10.026,
01/25/2017 10:30,6.128,10.075,
01/25/2017 11:00,5.872,10.124,
01/25/2017 11:30,6.128,10.173,
01/25/2017 12:00,5.847,10.247,
01/25/2017 12:30,6.153,10.32,
01/25/2017 13:00,5.975,10.394,
01/25/2017 13:30,5.898,10.467,
01/25/2017 14:00,5.924,10.541,
01/25/2017 14:30,6.153,10.687,
01/25/2017 15:00,6.153,10.761,
01/25/2017 15:30,6.026,10.785,
01/25/2017 16:00,5.898,10.81,
01/25/2017 16:30,6.23,10.81,
01/25/2017 17:00,5.872,10.761,
,,,
01/25/2017 17:30,6.585,11.175,
01/25/2017 18:00,6.077,10.663,
01/25/2017 18:30,5.949,10.638,
01/25/2017 19:00,6.179,10.59,
01/25/2017 19:30,5.847,10.565,
01/25/2017 20:00,6.026,10.516,
01/25/2017 20:30,6.153,10.492,
01/25/2017 21:00,6.102,10.418,
01/25/2017 21:30,5.872,10.369,
01/25/2017 22:00,6.051,10.32,
01/25/2017 22:30,6.23,10.271,
01/25/2017 23:00,6.051,10.222,
01/25/2017 23:30,5.924,10.173,
01/26/2017 00:00,6.077,10.149,
01/26/2017 00:30,6.153,10.124,
01/26/2017 01:00,6.128,10.075,
01/26/2017 01:30,5.847,10.051,
01/26/2017 02:00,5.975,10.026,
01/26/2017 02:30,6.102,10.026,
01/26/2017 03:00,6.077,10.026,
01/26/2017 03:30,5.898,10.026,
01/26/2017 04:00,6.051,10.026,
01/26/2017 04:30,6.204,10.026,
01/26/2017 05:00,6,10.026,
01/26/2017 05:30,5.975,10.026,
01/26/2017 06:00,6.179,10.026,
01/26/2017 06:30,5.949,10.051,
01/26/2017 07:00,5.924,10.051,
01/26/2017 07:30,6.102,10.051,
01/26/2017 08:00,6.204,10.075,
01/26/2017 08:30,5.924,10.075,
01/26/2017 09:00,5.975,10.075,
01/26/2017 09:30,6.153,10.075,
01/26/2017 10:00,5.924,10.124,
01/26/2017 10:30,6,10.124,
01/26/2017 11:00,6.179,10.149,
01/26/2017 11:30,5.872,10.149,
01/26/2017 12:00,6.026,10.149,
01/26/2017 12:30,6.128,10.075,
01/26/2017 13:00,6.179,10.026,
01/26/2017 13:30,5.898,10.001,
01/26/2017 14:00,6.102,9.977,
01/26/2017 14:30,6.102,9.977,
01/26/2017 15:00,5.898,9.952,
01/26/2017 15:30,6.051,9.928,
01/26/2017 16:00,6.204,9.903,
01/26/2017 16:30,5.872,9.903,
01/26/2017 17:00,5.949,9.879,
01/26/2017 17:30,6.128,9.854,
01/26/2017 18:00,6.102,9.829,
01/26/2017 18:30,5.898,9.805,
01/26/2017 19:00,6.026,9.78,
01/26/2017 19:30,6.179,9.731,
01/26/2017 20:00,6.128,9.731,
01/26/2017 20:30,5.949,9.706,
01/26/2017 21:00,5.924,9.682,
01/26/2017 21:30,6.077,9.632,
01/26/2017 22:00,6.23,9.608,
01/26/2017 22:30,6.102,9.583,
01/26/2017 23:00,5.872,9.558,
01/26/2017 23:30,5.949,9.534,
01/27/2017 00:00,6.077,9.485,
01/27/2017 00:30,6.179,9.485,
01/27/2017 01:00,6.102,9.46,
01/27/2017 01:30,5.872,9.435,
01/27/2017 02:00,5.949,9.435,
01/27/2017 02:30,6.051,9.435,
01/27/2017 03:00,6.179,9.435,
01/27/2017 03:30,6.051,9.41,
01/27/2017 04:00,5.872,9.435,
01/27/2017 04:30,5.975,9.435,
01/27/2017 05:00,6.128,9.435,
01/27/2017 05:30,6.23,9.435,
01/27/2017 06:00,6.026,9.41,
01/27/2017 06:30,5.924,9.435,
01/27/2017 07:00,6.051,9.41,
01/27/2017 07:30,6.179,9.41,
01/27/2017 08:00,6.051,9.386,
01/27/2017 08:30,5.898,9.386,
01/27/2017 09:00,6.051,9.41,
01/27/2017 09:30,6.204,9.435,
01/27/2017 10:00,5.949,9.485,
01/27/2017 10:30,5.975,9.534,
01/27/2017 11:00,6.179,9.583,
01/27/2017 11:30,6.026,9.632,
01/27/2017 12:00,5.949,9.682,
01/27/2017 12:30,6.128,9.731,
01/27/2017 13:00,5.847,9.756,
01/27/2017 13:30,6.026,9.78,
01/27/2017 14:00,6.102,9.829,
01/27/2017 14:30,6.357,9.903,
01/27/2017 15:00,6.204,10.051,
01/27/2017 15:30,6.051,10.173,
01/27/2017 16:00,6.077,10.247,
01/27/2017 16:30,6.128,10.32,
01/27/2017 17:00,6.102,10.345,
01/27/2017 17:30,6.153,10.345,
01/27/2017 18:00,6.026,10.369,
01/27/2017 18:30,6.102,10.369,
01/27/2017 19:00,6.281,10.345,
01/27/2017 19:30,6,10.32,
01/27/2017 20:00,6.128,10.296,
01/27/2017 20:30,6.281,10.271,
01/27/2017 21:00,6.128,10.247,
01/27/2017 21:30,5.975,10.198,
01/27/2017 22:00,6.153,10.173,
01/27/2017 22:30,6.281,10.173,
01/27/2017 23:00,6.128,10.149,
01/27/2017 23:30,5.975,10.1,
01/28/2017 00:00,6.128,10.051,
01/28/2017 00:30,6.23,10.026,
01/28/2017 01:00,6.23,9.977,
01/28/2017 01:30,5.949,9.952,
01/28/2017 02:00,6.077,9.903,
01/28/2017 02:30,6.204,9.903,
01/28/2017 03:00,6.306,9.854,
01/28/2017 03:30,6,9.854,
01/28/2017 04:00,6.077,9.854,
01/28/2017 04:30,6.23,9.854,
01/28/2017 05:00,6.281,9.879,
01/28/2017 05:30,5.949,9.879,
01/28/2017 06:00,6.102,9.854,
01/28/2017 06:30,6.204,9.854,
01/28/2017 07:00,6.306,9.879,
01/28/2017 07:30,6.051,9.854,
01/28/2017 08:00,6.026,9.854,
01/28/2017 08:30,6.153,9.854,
01/28/2017 09:00,6.306,9.854,
01/28/2017 09:30,6.051,9.854,
01/28/2017 10:00,6.077,9.879,
01/28/2017 10:30,6.23,9.928,
01/28/2017 11:00,6.128,9.928,
01/28/2017 11:30,6.026,9.977,
01/28/2017 12:00,6.23,10.026,
01/28/2017 12:30,6.179,10.1,
01/28/2017 13:00,6.102,10.149,
01/28/2017 13:30,6.331,10.222,
01/28/2017 14:00,6.051,10.271,
01/28/2017 14:30,6.23,10.32,
01/28/2017 15:00,6.077,10.32,
01/28/2017 15:30,6.179,10.345,
01/28/2017 16:00,6,10.369,
01/28/2017 16:30,6.128,10.369,
01/28/2017 17:00,6.331,10.345,
01/28/2017 17:30,6.026,10.345,
01/28/2017 18:00,6.255,10.32,
01/28/2017 18:30,6.204,10.296,
01/28/2017 19:00,5.975,10.247,
01/28/2017 19:30,6.179,10.198,
01/28/2017 20:00,6.23,10.173,
01/28/2017 20:30,5.949,10.149,
01/28/2017 21:00,6.077,10.124,
01/28/2017 21:30,6.255,10.075,
01/28/2017 22:00,6.153,10.075,
01/28/2017 22:30,6,10.051,
01/28/2017 23:00,6.128,10.026,
01/28/2017 23:30,6.306,10.001,
01/29/2017 00:00,6.153,9.952,
01/29/2017 00:30,5.949,9.952,
01/29/2017 01:00,6.102,9.903,
01/29/2017 01:30,6.255,9.879,
01/29/2017 02:00,6.128,9.829,
01/29/2017 02:30,5.975,9.829,
01/29/2017 03:00,6.153,9.805,
01/29/2017 03:30,6.306,9.805,
01/29/2017 04:00,6.077,9.78,
01/29/2017 04:30,6.077,9.805,
01/29/2017 05:00,6.255,9.805,
01/29/2017 05:30,6.102,9.805,
01/29/2017 06:00,6,9.805,
01/29/2017 06:30,6.179,9.805,
01/29/2017 07:00,6.255,9.829,
01/29/2017 07:30,5.975,9.829,
01/29/2017 08:00,6.128,9.829,
01/29/2017 08:30,6.255,9.854,
01/29/2017 09:00,6.204,9.879,
01/29/2017 09:30,5.975,9.879,
01/29/2017 10:00,6.102,9.928,
01/29/2017 10:30,6.306,9.977,
01/29/2017 11:00,5.975,10.026,
01/29/2017 11:30,6.153,10.075,
01/29/2017 12:00,6.281,10.1,
01/29/2017 12:30,5.975,10.149,
01/29/2017 13:00,6.204,10.149,
01/29/2017 13:30,6.153,10.173,
01/29/2017 14:00,6,10.173,
01/29/2017 14:30,6.23,10.173,
01/29/2017 15:00,6.102,10.173,
01/29/2017 15:30,6.102,10.173,
01/29/2017 16:00,6.306,10.198,
01/29/2017 16:30,5.949,10.173,
01/29/2017 17:00,6.102,10.173,
01/29/2017 17:30,6.306,10.149,
01/29/2017 18:00,5.949,10.149,
01/29/2017 18:30,6.128,10.149,
01/29/2017 19:00,6.281,10.124,
01/29/2017 19:30,6.026,10.124,
01/29/2017 20:00,6.077,10.124,
01/29/2017 20:30,6.281,10.124,
01/29/2017 21:00,6.026,10.1,
01/29/2017 21:30,6.102,10.1,
01/29/2017 22:00,6.281,10.075,
01/29/2017 22:30,6.179,10.1,
01/29/2017 23:00,6.051,10.1,
01/29/2017 23:30,6.23,10.075,
01/30/2017 00:00,6.051,10.075,
01/30/2017 00:30,6.051,10.075,
01/30/2017 01:00,6.204,10.075,
01/30/2017 01:30,6.306,10.051,
01/30/2017 02:00,5.975,10.026,
01/30/2017 02:30,6.179,10.026,
01/30/2017 03:00,6.306,10.026,
01/30/2017 03:30,6.026,10.026,
01/30/2017 04:00,6.051,10.001,
01/30/2017 04:30,6.204,10.001,
01/30/2017 05:00,6.281,9.977,
01/30/2017 05:30,5.975,10.001,
01/30/2017 06:00,6.153,9.977,
01/30/2017 06:30,6.281,10.001,
01/30/2017 07:00,6,10.001,
01/30/2017 07:30,6.077,10.001,
01/30/2017 08:00,6.23,9.977,
01/30/2017 08:30,6.179,9.977,
01/30/2017 09:00,5.975,9.977,
01/30/2017 09:30,6.153,10.001,
01/30/2017 10:00,6.281,10.026,
01/30/2017 10:30,6,10.1,
01/30/2017 11:00,6.23,10.173,
01/30/2017 11:30,6.026,10.247,
01/30/2017 12:00,6.255,10.32,
01/30/2017 12:30,6.077,10.394,
01/30/2017 13:00,5.975,10.467,
01/30/2017 13:30,6.153,10.541,
01/30/2017 14:00,6.128,10.59,
01/30/2017 14:30,6.153,10.638,
01/30/2017 15:00,6.102,10.638,
01/30/2017 15:30,6.331,10.663,
01/30/2017 16:00,6.102,10.663,
01/30/2017 16:30,6.255,10.663,
01/30/2017 17:00,6.077,10.638,
01/30/2017 17:30,6.331,10.614,
01/30/2017 18:00,6.051,10.59,
01/30/2017 18:30,6.255,10.565,
01/30/2017 19:00,5.949,10.516,
01/30/2017 19:30,6.153,10.467,
01/30/2017 20:00,6.255,10.443,
01/30/2017 20:30,5.949,10.418,
01/30/2017 21:00,6.128,10.369,
01/30/2017 21:30,6.281,10.32,
01/30/2017 22:00,5.924,10.296,
01/30/2017 22:30,6.128,10.271,
01/30/2017 23:00,6.281,10.247,
01/30/2017 23:30,6.026,10.222,
01/31/2017 00:00,6.026,10.198,
01/31/2017 00:30,6.23,10.198,
01/31/2017 01:00,6.255,10.173,
01/31/2017 01:30,5.949,10.124,
01/31/2017 02:00,6.051,10.1,
01/31/2017 02:30,6.23,10.1,
01/31/2017 03:00,6.23,10.051,
01/31/2017 03:30,5.975,10.026,
01/31/2017 04:00,6.077,10.001,
01/31/2017 04:30,6.255,10.001,
01/31/2017 05:00,6.102,9.977,
01/31/2017 05:30,5.949,9.952,
01/31/2017 06:00,6.128,9.928,
01/31/2017 06:30,6.255,9.928,
01/31/2017 07:00,6.128,9.903,
01/31/2017 07:30,6,9.879,
01/31/2017 08:00,6.102,9.879,
01/31/2017 08:30,6.255,9.879,
01/31/2017 09:00,6.102,9.854,
01/31/2017 09:30,5.975,9.854,
01/31/2017 10:00,6.128,9.854,
01/31/2017 10:30,6.306,9.879,
01/31/2017 11:00,6,9.928,
01/31/2017 11:30,6.204,9.977,
01/31/2017 12:00,6.179,10.026,
01/31/2017 12:30,6,10.075,
01/31/2017 13:00,6.179,10.124,
01/31/2017 13:30,6.204,10.149,
01/31/2017 14:00,6.026,10.173,
01/31/2017 14:30,6.23,10.198,
01/31/2017 15:00,5.975,10.222,
01/31/2017 15:30,6.128,10.222,
01/31/2017 16:00,6.281,10.222,
01/31/2017 16:30,5.975,10.222,
01/31/2017 17:00,6.179,10.198,
01/31/2017 17:30,6.128,10.149,
01/31/2017 18:00,6.026,10.124,
01/31/2017 18:30,6.204,10.075,
01/31/2017 19:00,6.153,10.026,
01/31/2017 19:30,5.975,10.001,
01/31/2017 20:00,6.102,9.977,
01/31/2017 20:30,6.255,9.952,
01/31/2017 21:00,5.975,9.928,
01/31/2017 21:30,6.026,9.879,
01/31/2017 22:00,6.153,9.854,
01/31/2017 22:30,6.306,9.854,
01/31/2017 23:00,6.077,9.829,
01/31/2017 23:30,5.975,9.805,
02/01/2017 00:00,6.102,9.78,
02/01/2017 00:30,6.23,9.756,
02/01/2017 01:00,6.23,9.731,
02/01/2017 01:30,5.949,9.682,
02/01/2017 02:00,6.051,9.632,
02/01/2017 02:30,6.204,9.632,
02/01/2017 03:00,6.306,9.583,
02/01/2017 03:30,6,9.583,
02/01/2017 04:00,5.975,9.558,
02/01/2017 04:30,6.128,9.534,
02/01/2017 05:00,6.281,9.509,
02/01/2017 05:30,6.179,9.509,
02/01/2017 06:00,5.924,9.485,
02/01/2017 06:30,6.102,9.485,
02/01/2017 07:00,6.281,9.46,
02/01/2017 07:30,6.128,9.46,
02/01/2017 08:00,5.949,9.485,
02/01/2017 08:30,6.153,9.485,
02/01/2017 09:00,6.306,9.509,
02/01/2017 09:30,6,9.509,
02/01/2017 10:00,5.949,9.509,
02/01/2017 10:30,6.128,9.608,
02/01/2017 11:00,6.23,9.657,
02/01/2017 11:30,5.975,9.756,
02/01/2017 12:00,6,9.829,
02/01/2017 12:30,6.153,9.903,
02/01/2017 13:00,6.102,9.977,
02/01/2017 13:30,6,10.051,
02/01/2017 14:00,6.204,10.124,
02/01/2017 14:30,5.924,10.222,
02/01/2017 15:00,6.077,10.271,
02/01/2017 15:30,5.975,10.345,
02/01/2017 16:00,6.026,10.394,
02/01/2017 16:30,6.204,10.467,
02/01/2017 17:00,5.898,10.492,
02/01/2017 17:30,6.128,10.516,
02/01/2017 18:00,5.924,10.565,
02/01/2017 18:30,6.051,10.565,
02/01/2017 19:00,6.255,10.565,
02/01/2017 19:30,5.924,10.541,
02/01/2017 20:00,6.077,10.516,
02/01/2017 20:30,6.23,10.467,
02/01/2017 21:00,6.077,10.418,
02/01/2017 21:30,5.949,10.369,
02/01/2017 22:00,6.102,10.296,
02/01/2017 22:30,6.23,10.247,
02/01/2017 23:00,6.153,10.198,
02/01/2017 23:30,5.898,10.149,
02/02/2017 00:00,6,10.075,
02/02/2017 00:30,6.128,10.026,
02/02/2017 01:00,6.255,9.977,
02/02/2017 01:30,6.102,9.928,
02/02/2017 02:00,5.975,9.829,
02/02/2017 02:30,5.924,9.805,
02/02/2017 03:00,6.051,9.731,
02/02/2017 03:30,6.179,9.706,
02/02/2017 04:00,6.23,9.657,
02/02/2017 04:30,6.077,9.657,
02/02/2017 05:00,5.924,9.657,
02/02/2017 05:30,6.026,9.608,
02/02/2017 06:00,6.153,9.558,
02/02/2017 06:30,6.255,9.583,
02/02/2017 07:00,6.102,9.558,
02/02/2017 07:30,5.924,9.558,
02/02/2017 08:00,6,9.534,
02/02/2017 08:30,6.153,9.534,
02/02/2017 09:00,6.255,9.558,
02/02/2017 09:30,6.026,9.558,
02/02/2017 10:00,5.924,9.583,
02/02/2017 10:30,6.051,9.608,
02/02/2017 11:00,6.204,9.632,
02/02/2017 11:30,6.179,9.657,
02/02/2017 12:00,5.975,9.657,
02/02/2017 12:30,5.975,9.706,
02/02/2017 13:00,6.077,9.731,
02/02/2017 13:30,6.204,9.731,
02/02/2017 14:00,6.128,9.756,
02/02/2017 14:30,5.975,9.756,
02/02/2017 15:00,5.924,9.78,
02/02/2017 15:30,6.077,9.78,
02/02/2017 16:00,6.204,9.756,
02/02/2017 16:30,6.204,9.756,
02/02/2017 17:00,6.102,9.756,
02/02/2017 17:30,5.924,9.78,
02/02/2017 18:00,5.975,9.952,
02/02/2017 18:30,6.128,10.001,
02/02/2017 19:00,6.23,10.026,
02/02/2017 19:30,6.179,10.051,
02/02/2017 20:00,6,10.051,
02/02/2017 20:30,5.924,10.051,
02/02/2017 21:00,6.077,10.026,
02/02/2017 21:30,6.23,10.026,
02/02/2017 22:00,6.179,10.026,
02/02/2017 22:30,6.102,10.1,
02/02/2017 23:00,5.924,10.001,
02/02/2017 23:30,6,9.977,
02/03/2017 00:00,6.128,9.952,
02/03/2017 00:30,6.255,10.051,
02/03/2017 01:00,6.128,9.952,
02/03/2017 01:30,6,9.928,
02/03/2017 02:00,5.975,9.903,
02/03/2017 02:30,6.128,9.952,
02/03/2017 03:00,6.255,9.928,
02/03/2017 03:30,6.153,9.928,
02/03/2017 04:00,5.949,9.903,
02/03/2017 04:30,5.975,9.879,
02/03/2017 05:00,6.128,9.879,
02/03/2017 05:30,6.281,9.879,
02/03/2017 06:00,6.077,9.854,
02/03/2017 06:30,5.924,9.854,
02/03/2017 07:00,6,9.854,
02/03/2017 07:30,6.128,9.829,
02/03/2017 08:00,6.255,9.805,
02/03/2017 08:30,6.179,9.805,
02/03/2017 09:00,5.975,9.829,
02/03/2017 09:30,6,9.854,
02/03/2017 10:00,6.128,9.854,
02/03/2017 10:30,6.281,9.952,
02/03/2017 11:00,5.975,9.952,
02/03/2017 11:30,6.051,10.026,
02/03/2017 12:00,6.23,10.075,
02/03/2017 12:30,5.924,10.149,
02/03/2017 13:00,6.102,10.198,
02/03/2017 13:30,6.255,10.222,
02/03/2017 14:00,6,10.222,
02/03/2017 14:30,6,10.222,
02/03/2017 15:00,6.179,10.222,
02/03/2017 15:30,6.128,10.222,
02/03/2017 16:00,5.898,10.222,
02/03/2017 16:30,6.077,10.222,
02/03/2017 17:00,6.23,10.173,
02/03/2017 17:30,6.051,10.173,
02/03/2017 18:00,5.898,10.124,
02/03/2017 18:30,6.051,10.075,
02/03/2017 19:00,6.204,10.051,
02/03/2017 19:30,6.128,10.026,
02/03/2017 20:00,5.975,9.977,
02/03/2017 20:30,6,9.977,
02/03/2017 21:00,6.128,9.928,
02/03/2017 21:30,6.23,9.903,
02/03/2017 22:00,6.102,9.903,
02/03/2017 22:30,5.898,9.903,
02/03/2017 23:00,6,9.879,
02/03/2017 23:30,6.153,9.879,
02/04/2017 00:00,6.23,9.879,
02/04/2017 00:30,6.051,9.879,
02/04/2017 01:00,5.898,9.879,
02/04/2017 01:30,6.051,9.879,
02/04/2017 02:00,6.179,9.879,
02/04/2017 02:30,6.255,9.879,
02/04/2017 03:00,6.026,9.903,
02/04/2017 03:30,5.924,9.903,
02/04/2017 04:00,6.051,9.903,
02/04/2017 04:30,6.179,9.928,
02/04/2017 05:00,6.255,9.928,
02/04/2017 05:30,6.051,9.928,
02/04/2017 06:00,5.924,9.928,
02/04/2017 06:30,6.077,9.928,
02/04/2017 07:00,6.204,9.928,
02/04/2017 07:30,6.128,9.928,
02/04/2017 08:00,5.898,9.928,
02/04/2017 08:30,6.026,9.928,
02/04/2017 09:00,6.128,9.928,
02/04/2017 09:30,6.255,9.952,
02/04/2017 10:00,6.026,9.952,
02/04/2017 10:30,5.949,9.928,
02/04/2017 11:00,6.23,9.928,
02/04/2017 11:30,6.889,9.977,
02/04/2017 12:00,7.419,10.001,
02/04/2017 12:30,7.795,10.051,
02/04/2017 13:00,8.095,9.952,
02/04/2017 13:30,8.369,9.903,
02/04/2017 14:00,9.336,9.262,
02/04/2017 14:30,9.435,9.41,
02/04/2017 15:00,9.089,9.509,
02/04/2017 15:30,8.045,9.583,
02/04/2017 16:00,6.94,9.682,
02/04/2017 16:30,7.242,9.706,
02/04/2017 17:00,7.116,9.534,
02/04/2017 17:30,6.99,9.336,
02/04/2017 18:00,7.116,9.213,
02/04/2017 18:30,7.167,9.139,
02/04/2017 19:00,7.041,9.064,
02/04/2017 19:30,6.99,9.015,
02/04/2017 20:00,7.217,8.99,
02/04/2017 20:30,7.066,8.99,
02/04/2017 21:00,6.94,8.965,
02/04/2017 21:30,7.242,8.941,
02/04/2017 22:00,7.091,8.99,
02/04/2017 22:30,6.965,9.015,
02/04/2017 23:00,7.217,9.04,
02/04/2017 23:30,7.142,9.04,
02/05/2017 00:00,6.99,9.064,
02/05/2017 00:30,7.167,9.089,
02/05/2017 01:00,7.167,9.114,
02/05/2017 01:30,7.015,9.089,
02/05/2017 02:00,7.066,9.114,
02/05/2017 02:30,7.192,9.114,
02/05/2017 03:00,7.041,9.114,
02/05/2017 03:30,6.99,9.114,
02/05/2017 04:00,7.192,9.089,
02/05/2017 04:30,7.066,9.114,
02/05/2017 05:00,6.94,9.089,
02/05/2017 05:30,7.217,9.089,
02/05/2017 06:00,7.066,9.089,
02/05/2017 06:30,6.94,9.089,
02/05/2017 07:00,7.242,9.04,
02/05/2017 07:30,7.091,9.04,
02/05/2017 08:00,6.94,9.04,
02/05/2017 08:30,7.242,9.04,
02/05/2017 09:00,7.091,9.04,
02/05/2017 09:30,6.94,9.015,
02/05/2017 10:00,7.242,9.04,
02/05/2017 10:30,7.142,9.064,
02/05/2017 11:00,6.99,9.064,
02/05/2017 11:30,6.99,9.064,
02/05/2017 12:00,7.116,9.064,
02/05/2017 12:30,6.813,9.04,
02/05/2017 13:00,7.041,9.015,
02/05/2017 13:30,6.94,8.99,
02/05/2017 14:00,6.99,8.941,
02/05/2017 14:30,6.839,8.965,
02/05/2017 15:00,7.116,8.941,
02/05/2017 15:30,6.889,8.916,
02/05/2017 16:00,7.091,8.891,
02/05/2017 16:30,7.167,8.866,
02/05/2017 17:00,6.839,8.841,
02/05/2017 17:30,6.965,8.792,
02/05/2017 18:00,7.116,8.767,
02/05/2017 18:30,7.167,8.717,
02/05/2017 19:00,6.94,8.693,
02/05/2017 19:30,6.914,8.668,
02/05/2017 20:00,7.015,8.643,
02/05/2017 20:30,7.142,8.643,
02/05/2017 21:00,7.066,8.618,
02/05/2017 21:30,6.914,8.593,
02/05/2017 22:00,6.99,8.643,
02/05/2017 22:30,7.116,8.643,
02/05/2017 23:00,7.192,8.643,
02/05/2017 23:30,6.839,8.693,
02/06/2017 00:00,6.99,8.717,
02/06/2017 00:30,7.192,8.742,
02/06/2017 01:00,6.889,8.767,
02/06/2017 01:30,7.091,8.792,
02/06/2017 02:00,6.99,8.841,
02/06/2017 02:30,7.015,8.841,
02/06/2017 03:00,6.965,8.841,
02/06/2017 03:30,6.889,8.841,
02/06/2017 04:00,7.066,8.841,
02/06/2017 04:30,7.192,8.817,
02/06/2017 05:00,6.914,8.792,
02/06/2017 05:30,6.94,8.767,
02/06/2017 06:00,7.041,8.742,
02/06/2017 06:30,7.167,8.742,
02/06/2017 07:00,7.041,8.742,
02/06/2017 07:30,7.142,8.742,
02/06/2017 08:00,6.889,8.717,
02/06/2017 08:30,7.142,8.693,
02/06/2017 09:00,6.914,8.668,
02/06/2017 09:30,6.889,8.668,
02/06/2017 10:00,7.041,8.693,
02/06/2017 10:30,7.192,8.717,
02/06/2017 11:00,6.864,8.767,
02/06/2017 11:30,7.116,8.817,
02/06/2017 12:00,6.889,8.866,
02/06/2017 12:30,7.066,8.941,
02/06/2017 13:00,7.116,8.99,
02/06/2017 13:30,6.94,9.04,
02/06/2017 14:00,6.839,9.089,
02/06/2017 14:30,7.116,9.139,
02/06/2017 15:00,6.965,9.163,
02/06/2017 15:30,6.864,9.163,
02/06/2017 16:00,7.192,9.139,
02/06/2017 16:30,6.914,9.139,
02/06/2017 17:00,7.167,9.114,
02/06/2017 17:30,6.94,9.089,
02/06/2017 18:00,7.167,9.04,
02/06/2017 18:30,6.889,9.015,
02/06/2017 19:00,6.914,8.916,
02/06/2017 19:30,7.041,8.817,
02/06/2017 20:00,7.142,8.742,
02/06/2017 20:30,7.091,8.693,
02/06/2017 21:00,7.015,8.618,
02/06/2017 21:30,6.864,8.593,
02/06/2017 22:00,6.94,8.568,
02/06/2017 22:30,7.041,8.543,
02/06/2017 23:00,7.217,8.543,
02/06/2017 23:30,6.99,8.568,
02/07/2017 00:00,6.889,8.593,
02/07/2017 00:30,7.041,8.643,
02/07/2017 01:00,7.167,8.668,
02/07/2017 01:30,6.839,8.717,
02/07/2017 02:00,7.041,8.767,
02/07/2017 02:30,7.192,8.817,
02/07/2017 03:00,6.839,8.841,
02/07/2017 03:30,7.091,8.841,
02/07/2017 04:00,6.864,8.866,
02/07/2017 04:30,7.041,8.891,
02/07/2017 05:00,7.041,8.866,
02/07/2017 05:30,6.94,8.866,
02/07/2017 06:00,7.142,8.866,
02/07/2017 06:30,7.142,8.866,
02/07/2017 07:00,6.914,8.866,
02/07/2017 07:30,7.066,8.841,
02/07/2017 08:00,7.192,8.841,
02/07/2017 08:30,6.864,8.841,
02/07/2017 09:00,7.066,8.817,
02/07/2017 09:30,7.167,8.817,
02/07/2017 10:00,6.914,8.841,
02/07/2017 10:30,6.99,8.891,
02/07/2017 11:00,7.192,8.891,
02/07/2017 11:30,6.914,8.891,
02/07/2017 12:00,7.167,8.891,
02/07/2017 12:30,6.864,8.891,
02/07/2017 13:00,7.091,8.916,
02/07/2017 13:30,6.864,8.941,
02/07/2017 14:00,7.142,8.965,
02/07/2017 14:30,6.839,8.99,
02/07/2017 15:00,7.066,8.965,
02/07/2017 15:30,6.839,8.965,
02/07/2017 16:00,6.99,8.965,
02/07/2017 16:30,7.167,8.99,
02/07/2017 17:00,6.864,8.965,
02/07/2017 17:30,7.041,8.916,
02/07/2017 18:00,6.99,8.891,
02/07/2017 18:30,6.914,8.866,
02/07/2017 19:00,7.142,8.841,
02/07/2017 19:30,6.839,8.817,
02/07/2017 20:00,6.889,8.742,
02/07/2017 20:30,6.94,8.693,
02/07/2017 21:00,7.041,8.643,
02/07/2017 21:30,7.142,8.593,
02/07/2017 22:00,7.192,8.568,
02/07/2017 22:30,7.192,8.543,
02/07/2017 23:00,7.091,8.519,
02/07/2017 23:30,6.864,8.519,
02/08/2017 00:00,6.965,8.494,
02/08/2017 00:30,7.015,8.543,
02/08/2017 01:00,7.167,8.568,
02/08/2017 01:30,6.889,8.618,
02/08/2017 02:00,6.99,8.668,
02/08/2017 02:30,7.142,8.717,
02/08/2017 03:00,6.99,8.742,
02/08/2017 03:30,6.965,8.767,
02/08/2017 04:00,7.066,8.792,
02/08/2017 04:30,6.889,8.817,
02/08/2017 05:00,7.066,8.841,
02/08/2017 05:30,7.116,8.841,
02/08/2017 06:00,6.99,8.841,
02/08/2017 06:30,7.192,8.841,
02/08/2017 07:00,6.839,8.841,
02/08/2017 07:30,7.015,8.841,
02/08/2017 08:00,6.99,8.841,
02/08/2017 08:30,6.914,8.841,
02/08/2017 09:00,7.066,8.817,
02/08/2017 09:30,6.99,8.817,
02/08/2017 10:00,6.889,8.841,
02/08/2017 10:30,7.041,8.841,
02/08/2017 11:00,7.167,8.817,
02/08/2017 11:30,6.864,8.841,
02/08/2017 12:00,6.914,8.841,
02/08/2017 12:30,7.041,8.841,
02/08/2017 13:00,7.192,8.841,
02/08/2017 13:30,6.864,8.841,
02/08/2017 14:00,8.145,8.866,
02/08/2017 14:30,8.145,8.891,
02/08/2017 15:00,8.145,8.965,
02/08/2017 15:30,8.17,9.015,
02/08/2017 16:00,8.095,8.941,
02/08/2017 16:30,8.767,9.04,
02/08/2017 17:00,8.792,8.965,
02/08/2017 17:30,8.817,8.941,
02/08/2017 18:00,8.792,8.866,
02/08/2017 18:30,8.767,8.841,
02/08/2017 19:00,8.742,8.792,
02/08/2017 19:30,8.717,8.767,
02/08/2017 20:00,8.693,8.742,
02/08/2017 20:30,8.618,8.668,
02/08/2017 21:00,8.519,8.593,
02/08/2017 21:30,8.494,8.543,
02/08/2017 22:00,8.444,8.519,
02/08/2017 22:30,8.444,8.494,
02/08/2017 23:00,8.419,8.469,
02/08/2017 23:30,8.394,8.444,
02/09/2017 00:00,8.394,8.444,
02/09/2017 00:30,8.444,8.469,
02/09/2017 01:00,8.444,8.494,
02/09/2017 01:30,8.519,8.543,
02/09/2017 02:00,8.618,8.643,
02/09/2017 02:30,8.693,8.717,
02/09/2017 03:00,8.717,8.767,
02/09/2017 03:30,8.767,8.792,
02/09/2017 04:00,8.767,8.817,
02/09/2017 04:30,8.792,8.841,
02/09/2017 05:00,8.792,8.841,
02/09/2017 05:30,8.792,8.841,
02/09/2017 06:00,8.792,8.866,
02/09/2017 06:30,8.841,8.891,
02/09/2017 07:00,8.817,8.866,
02/09/2017 07:30,8.841,8.891,
02/09/2017 08:00,8.841,8.891,
02/09/2017 08:30,8.841,8.891,
02/09/2017 09:00,8.841,8.891,
02/09/2017 09:30,8.841,8.916,
02/09/2017 10:00,8.866,8.941,
02/09/2017 10:30,8.916,8.965,
02/09/2017 11:00,8.941,8.99,
02/09/2017 11:30,8.916,8.965,
02/09/2017 12:00,8.941,8.99,
02/09/2017 12:30,9.015,9.04,
02/09/2017 13:00,9.015,9.064,
02/09/2017 13:30,9.04,9.089,
02/09/2017 14:00,9.064,9.089,
02/09/2017 14:30,9.064,9.114,
02/09/2017 15:00,9.139,9.188,
02/09/2017 15:30,9.188,9.238,
02/09/2017 16:00,9.238,9.262,
02/09/2017 16:30,9.238,9.287,
02/09/2017 17:00,9.262,9.287,
02/09/2017 17:30,9.238,9.262,
02/09/2017 18:00,9.188,9.238,
02/09/2017 18:30,9.163,9.213,
02/09/2017 19:00,9.114,9.163,
02/09/2017 19:30,9.089,9.139,
02/09/2017 20:00,9.04,9.089,
02/09/2017 20:30,9.015,9.04,
02/09/2017 21:00,8.941,8.99,
02/09/2017 21:30,8.841,8.891,
02/09/2017 22:00,8.767,8.841,
02/09/2017 22:30,8.742,8.792,
02/09/2017 23:00,8.693,8.742,
02/09/2017 23:30,8.668,8.717,
02/10/2017 00:00,8.643,8.693,
02/10/2017 00:30,8.643,8.668,
02/10/2017 01:00,8.593,8.643,
02/10/2017 01:30,8.593,8.643,
02/10/2017 02:00,8.668,8.693,
02/10/2017 02:30,8.717,8.742,
02/10/2017 03:00,8.792,8.817,
02/10/2017 03:30,8.817,8.841,
02/10/2017 04:00,8.841,8.866,
02/10/2017 04:30,8.841,8.891,
02/10/2017 05:00,8.866,8.891,
02/10/2017 05:30,8.866,8.891,
02/10/2017 06:00,8.891,8.916,
02/10/2017 06:30,8.866,8.916,
02/10/2017 07:00,8.866,8.916,
02/10/2017 07:30,8.841,8.891,
02/10/2017 08:00,8.866,8.891,
02/10/2017 08:30,8.866,8.891,
02/10/2017 09:00,8.866,8.916,
02/10/2017 09:30,8.891,8.916,
02/10/2017 10:00,8.941,8.941,
02/10/2017 10:30,8.965,8.99,
02/10/2017 11:00,8.99,9.015,
02/10/2017 11:30,8.99,9.015,
02/10/2017 12:00,8.965,8.99,
02/10/2017 12:30,8.965,8.99,
02/10/2017 13:00,8.941,8.965,
02/10/2017 13:30,8.916,8.941,
02/10/2017 14:00,8.916,8.965,
02/10/2017 14:30,8.941,8.99,
02/10/2017 15:00,8.941,8.99,
02/10/2017 15:30,9.04,9.064,
02/10/2017 16:00,9.089,9.114,
02/10/2017 16:30,9.139,9.163,
02/10/2017 17:00,9.114,9.163,
02/10/2017 17:30,9.089,9.139,
02/10/2017 18:00,9.064,9.114,
02/10/2017 18:30,9.015,9.089,
02/10/2017 19:00,8.965,9.04,
02/10/2017 19:30,8.916,8.99,
02/10/2017 20:00,8.866,8.941,
02/10/2017 20:30,8.866,8.916,
02/10/2017 21:00,8.767,8.866,
02/10/2017 21:30,8.767,8.841,
02/10/2017 22:00,8.767,8.841,
02/10/2017 22:30,8.717,8.792,
02/10/2017 23:00,8.618,8.693,
02/10/2017 23:30,8.568,8.643,
02/11/2017 00:00,8.543,8.618,
02/11/2017 00:30,8.519,8.593,
02/11/2017 01:00,8.494,8.543,
02/11/2017 01:30,8.469,8.543,
02/11/2017 02:00,8.469,8.543,
02/11/2017 02:30,8.519,8.568,
02/11/2017 03:00,8.593,8.643,
02/11/2017 03:30,8.643,8.693,
02/11/2017 04:00,8.693,8.742,
02/11/2017 04:30,8.742,8.767,
02/11/2017 05:00,8.742,8.792,
02/11/2017 05:30,8.742,8.792,
02/11/2017 06:00,8.742,8.792,
02/11/2017 06:30,8.767,8.841,
02/11/2017 07:00,8.742,8.817,
02/11/2017 07:30,8.742,8.817,
02/11/2017 08:00,8.742,8.817,
02/11/2017 08:30,8.792,8.841,
02/11/2017 09:00,8.767,8.841,
02/11/2017 09:30,8.792,8.841,
02/11/2017 10:00,8.792,8.866,
02/11/2017 10:30,8.817,8.891,
02/11/2017 11:00,8.742,8.841,
02/11/2017 11:30,8.717,8.817,
02/11/2017 12:00,8.742,8.841,
02/11/2017 12:30,8.742,8.817,
02/11/2017 13:00,8.717,8.817,
02/11/2017 13:30,8.717,8.841,
02/11/2017 14:00,8.717,8.841,
02/11/2017 14:30,8.717,8.841,
02/11/2017 15:00,8.693,8.792,
02/11/2017 15:30,8.693,8.767,
02/11/2017 16:00,8.668,8.742,
02/11/2017 16:30,8.693,8.767,
02/11/2017 17:00,8.717,8.767,
02/11/2017 17:30,8.717,8.767,
02/11/2017 18:00,8.742,8.792,
02/11/2017 18:30,8.767,8.817,
02/11/2017 19:00,8.767,8.817,
02/11/2017 19:30,8.742,8.792,
02/11/2017 20:00,8.742,8.792,
02/11/2017 20:30,8.767,8.817,
02/11/2017 21:00,8.717,8.792,
02/11/2017 21:30,8.717,8.792,
02/11/2017 22:00,8.693,8.792,
02/11/2017 22:30,8.693,8.792,
02/11/2017 23:00,8.643,8.742,
02/11/2017 23:30,8.543,8.668,
02/12/2017 00:00,8.519,8.618,
02/12/2017 00:30,8.494,8.593,
02/12/2017 01:00,8.469,8.568,
02/12/2017 01:30,8.444,8.543,
02/12/2017 02:00,8.469,8.543,
02/12/2017 02:30,8.519,8.593,
02/12/2017 03:00,8.543,8.593,
02/12/2017 03:30,8.593,8.643,
02/12/2017 04:00,8.668,8.717,
02/12/2017 04:30,8.717,8.767,
02/12/2017 05:00,8.742,8.792,
02/12/2017 05:30,8.742,8.817,
02/12/2017 06:00,8.767,8.841,
02/12/2017 06:30,8.767,8.841,
02/12/2017 07:00,8.767,8.841,
02/12/2017 07:30,8.767,8.841,
02/12/2017 08:00,8.767,8.841,
02/12/2017 08:30,8.792,8.866,
02/12/2017 09:00,8.792,8.866,
02/12/2017 09:30,8.792,8.866,
02/12/2017 10:00,8.792,8.866,
02/12/2017 10:30,8.817,8.891,
02/12/2017 11:00,8.817,8.891,
02/12/2017 11:30,8.817,8.891,
02/12/2017 12:00,8.841,8.891,
02/12/2017 12:30,8.866,8.941,
02/12/2017 13:00,8.841,8.916,
02/12/2017 13:30,8.792,8.866,
02/12/2017 14:00,8.792,8.866,
02/12/2017 14:30,8.792,8.891,
02/12/2017 15:00,8.792,8.866,
02/12/2017 15:30,8.792,8.866,
02/12/2017 16:00,8.767,8.841,
02/12/2017 16:30,8.767,8.841,
02/12/2017 17:00,8.792,8.866,
02/12/2017 17:30,8.792,8.841,
02/12/2017 18:00,8.792,8.866,
02/12/2017 18:30,8.792,8.866,
02/12/2017 19:00,8.792,8.866,
02/12/2017 19:30,8.792,8.866,
02/12/2017 20:00,8.767,8.841,
02/12/2017 20:30,8.792,8.841,
02/12/2017 21:00,8.767,8.841,
02/12/2017 21:30,8.742,8.817,
02/12/2017 22:00,8.742,8.817,
02/12/2017 22:30,8.717,8.792,
02/12/2017 23:00,8.643,8.742,
02/12/2017 23:30,8.668,8.742,
02/13/2017 00:00,8.593,8.693,
02/13/2017 00:30,8.543,8.618,
02/13/2017 01:00,8.494,8.543,
02/13/2017 01:30,8.469,8.543,
02/13/2017 02:00,8.444,8.543,
02/13/2017 02:30,8.469,8.543,
02/13/2017 03:00,8.469,8.543,
02/13/2017 03:30,8.494,8.568,
02/13/2017 04:00,8.519,8.618,
02/13/2017 04:30,8.593,8.668,
02/13/2017 05:00,8.643,8.668,
02/13/2017 05:30,8.643,8.668,
02/13/2017 06:00,8.693,8.693,
02/13/2017 06:30,8.717,8.742,
02/13/2017 07:00,8.717,8.717,
02/13/2017 07:30,8.717,8.742,
02/13/2017 08:00,8.742,8.742,
02/13/2017 08:30,8.767,8.792,
02/13/2017 09:00,8.767,8.792,
02/13/2017 09:30,8.792,8.866,
02/13/2017 10:00,8.916,8.965,
02/13/2017 10:30,8.916,8.99,
02/13/2017 11:00,8.965,9.064,
02/13/2017 11:30,9.015,9.089,
02/13/2017 12:00,9.064,9.139,
02/13/2017 12:30,9.139,9.213,
02/13/2017 13:00,9.089,9.163,
02/13/2017 13:30,9.04,9.139,
02/13/2017 14:00,9.064,9.114,
02/13/2017 14:30,9.04,9.139,
02/13/2017 15:00,9.064,9.139,
02/13/2017 15:30,9.089,9.163,
02/13/2017 16:00,9.139,9.188,
02/13/2017 16:30,9.139,9.188,
02/13/2017 17:00,9.089,9.139,
02/13/2017 17:30,9.064,9.114,
02/13/2017 18:00,9.04,9.089,
02/13/2017 18:30,9.04,9.089,
02/13/2017 19:00,8.99,9.04,
02/13/2017 19:30,8.965,9.04,
02/13/2017 20:00,8.916,8.99,
02/13/2017 20:30,8.891,8.965,
02/13/2017 21:00,8.841,8.916,
02/13/2017 21:30,8.841,8.891,
02/13/2017 22:00,8.817,8.891,
02/13/2017 22:30,8.817,8.866,
02/13/2017 23:00,8.792,8.866,
02/13/2017 23:30,8.767,8.841,
02/14/2017 00:00,8.717,8.792,
02/14/2017 00:30,8.668,8.742,
02/14/2017 01:00,8.643,8.717,
02/14/2017 01:30,8.618,8.693,
02/14/2017 02:00,8.593,8.668,
02/14/2017 02:30,8.593,8.643,
02/14/2017 03:00,8.568,8.643,
02/14/2017 03:30,8.543,8.618,
02/14/2017 04:00,8.568,8.618,
02/14/2017 04:30,8.593,8.643,
02/14/2017 05:00,8.618,8.668,
02/14/2017 05:30,8.668,8.717,
02/14/2017 06:00,8.717,8.767,
02/14/2017 06:30,8.742,8.792,
02/14/2017 07:00,8.742,8.792,
02/14/2017 07:30,8.767,8.841,
02/14/2017 08:00,8.792,8.841,
02/14/2017 08:30,8.792,8.841,
02/14/2017 09:00,8.817,8.866,
02/14/2017 09:30,8.817,8.866,
02/14/2017 10:00,8.817,8.891,
02/14/2017 10:30,8.866,8.916,
02/14/2017 11:00,8.891,8.941,
02/14/2017 11:30,8.916,8.965,
02/14/2017 12:00,8.941,8.99,
02/14/2017 12:30,8.941,8.99,
02/14/2017 13:00,8.941,8.99,
02/14/2017 13:30,8.965,9.015,
02/14/2017 14:00,8.965,9.04,
02/14/2017 14:30,8.941,9.015,
02/14/2017 15:00,8.916,8.99,
02/14/2017 15:30,8.866,8.941,
02/14/2017 16:00,8.866,8.916,
02/14/2017 16:30,8.965,9.015,
02/14/2017 17:00,8.891,8.941,
02/14/2017 17:30,8.841,8.916,
02/14/2017 18:00,8.841,8.891,
02/14/2017 18:30,8.866,8.916,
02/14/2017 19:00,8.891,8.941,
02/14/2017 19:30,8.891,8.941,
02/14/2017 20:00,8.891,8.965,
02/14/2017 20:30,8.916,8.965,
02/14/2017 21:00,8.941,8.99,
02/14/2017 21:30,8.916,8.965,
02/14/2017 22:00,8.891,8.965,
02/14/2017 22:30,8.941,8.99,
02/14/2017 23:00,8.916,8.965,
02/14/2017 23:30,8.891,8.965,
02/15/2017 00:00,8.916,8.965,
02/15/2017 00:30,8.866,8.965,
02/15/2017 01:00,8.866,8.941,
02/15/2017 01:30,8.841,8.916,
02/15/2017 02:00,8.817,8.891,
02/15/2017 02:30,8.792,8.891,
02/15/2017 03:00,8.767,8.841,
02/15/2017 03:30,8.767,8.841,
02/15/2017 04:00,8.742,8.817,
02/15/2017 04:30,8.767,8.841,
02/15/2017 05:00,8.742,8.817,
02/15/2017 05:30,8.792,8.841,
02/15/2017 06:00,8.841,8.891,
02/15/2017 06:30,8.891,8.941,
02/15/2017 07:00,8.891,8.941,
02/15/2017 07:30,8.891,8.941,
02/15/2017 08:00,8.916,8.965,
02/15/2017 08:30,8.916,8.99,
02/15/2017 09:00,8.916,8.99,
02/15/2017 09:30,8.941,8.99,
02/15/2017 10:00,8.965,9.015,
02/15/2017 10:30,9.015,9.064,
02/15/2017 11:00,9.064,9.114,
02/15/2017 11:30,9.064,9.114,
02/15/2017 12:00,9.089,9.139,
02/15/2017 12:30,9.163,9.213,
02/15/2017 13:00,9.213,9.238,
02/15/2017 13:30,9.238,9.238,
02/15/2017 14:00,9.188,9.213,
02/15/2017 14:30,9.188,9.238,
02/15/2017 15:00,9.188,9.238,
02/15/2017 15:30,9.213,9.238,
02/15/2017 16:00,9.188,9.238,
02/15/2017 16:30,9.238,9.213,
02/15/2017 17:00,9.188,9.238,